as_of,ticker,name,sector,size,mktcap,price,adv,bars,bswa,ols,vasicek,rho,r2,ivol,vol,jumps,mom,beta_pct,rho_pct,ivol_pct,quality,quality_imputed,earnings,ipo,f_liquid,f_beta,f_rho,f_ivol,f_events,f_quality,passes,score,rank,in_basket
2026-10-02,IVZ,Invesco Ltd.,Financial Services,Mid,14560662528.0,30.66,139041704.0,501,1.6685,1.7263,1.7089,0.6551,0.4292,0.2591,0.3416,0,0.4174,89.1,99.9,25.5,64.7,False,,False,True,True,True,True,True,True,True,87.0,1,True
2026-10-02,ADI,Analog Devices Inc.,Technology,Large,181062729728.0,417.15,1342588162.0,501,1.6098,1.6877,1.667,0.6037,0.3645,0.29,0.3623,0,0.5052,87.9,98.6,36.0,75.9,False,,False,True,True,True,True,True,True,True,86.4,2,True
2026-10-02,EMR,Emerson Electric Co.,Industrials,Large,87719624704.0,161.61,390624989.0,501,1.4493,1.5426,1.5299,0.6258,0.3916,0.2502,0.3195,0,0.1534,84.1,99.1,22.1,61.1,False,,False,True,True,True,True,True,True,True,85.1,3,True
2026-10-02,IBKR,Interactive Brokers Group Inc.,Financial Services,Large,158540038144.0,88.3,377814098.0,501,1.7233,2.0059,1.9757,0.659,0.4343,0.2979,0.3945,0,0.3012,89.3,100.0,39.1,61.1,False,,False,True,True,True,True,True,True,True,84.6,4,True
2026-10-02,NVDA,NVIDIA Corp.,Technology,Mega,5200733011968.0,233.95,26449492123.0,501,1.7639,1.8808,1.8558,0.6487,0.4208,0.2871,0.3758,1,0.2,90.1,99.8,35.1,69.5,False,,False,True,True,True,True,True,True,True,84.1,5,True
2026-10-02,BAM,Brookfield Asset Management Ltd. Class A,Financial Services,Large,83855704064.0,44.85,126931581.0,501,1.2566,1.4015,1.3919,0.5994,0.3592,0.2436,0.3031,0,-0.074,77.8,98.1,19.7,63.2,False,,False,True,False,True,True,True,True,False,83.3,6,False
2026-10-02,MPWR,Monolithic Power Systems Inc.,Technology,Large,63150231552.0,1439.73,995025553.0,501,2.1337,2.5472,2.4535,0.6026,0.3632,0.4389,0.5478,0,0.3383,96.5,98.4,75.0,68.1,False,,False,True,True,True,False,True,True,False,82.3,7,False
2026-10-02,ST,Sensata Technologies Holding plc,Technology,Small,6196917248.0,43.51,65068556.0,501,1.7312,1.9317,1.8991,0.6163,0.3798,0.3212,0.4062,0,0.391,89.5,99.0,48.1,56.0,False,,False,True,True,True,True,True,True,True,82.3,8,True
2026-10-02,MS,Morgan Stanley,Financial Services,Mega,336415293440.0,190.31,1086567101.0,501,1.3152,1.4029,1.3951,0.6395,0.4089,0.2195,0.2843,0,0.3807,80.3,99.5,11.9,38.9,False,,False,True,True,True,True,True,True,True,82.0,9,True
2026-10-02,LSCC,Lattice Semiconductor Corp.,Technology,Mid,16949892096.0,134.0,213013395.0,501,2.4196,2.9646,2.8309,0.6333,0.4011,0.4714,0.6067,1,0.5473,99.4,99.3,80.4,78.9,False,,False,True,True,True,False,True,True,False,81.9,10,False
2026-10-02,LRCX,Lam Research Corp.,Technology,Mega,392914796544.0,347.49,2951409866.0,501,2.346,3.2073,3.0439,0.6445,0.4153,0.4952,0.6451,0,1.0264,98.6,99.6,83.8,65.5,False,,False,True,True,True,False,True,True,False,81.7,11,False
2026-10-02,LFUS,Littelfuse Inc.,Technology,Mid,10634963968.0,456.53,116438197.0,501,1.5502,1.6826,1.6535,0.534,0.2851,0.3467,0.4084,0,0.6055,86.6,92.9,54.8,70.2,False,,False,True,True,True,True,True,True,True,80.8,12,True
2026-10-02,ENTG,Entegris Inc.,Technology,Mid,21767888896.0,166.47,333218217.0,501,2.4167,3.3649,3.1658,0.6356,0.404,0.5319,0.6862,0,0.4024,99.3,99.4,86.0,58.8,False,,False,True,True,True,False,True,True,False,80.5,13,False
2026-10-02,AVGO,Broadcom Inc.,Technology,Mega,1752930451456.0,355.14,8373407168.0,501,1.8412,2.1617,2.1088,0.6024,0.3629,0.3727,0.4651,1,0.1077,91.7,98.3,61.9,69.2,False,,False,True,True,True,True,True,True,True,80.3,14,True
2026-10-02,EVR,Evercore Inc. Class A,Financial Services,Mid,11207365632.0,261.68,151872408.0,501,1.6158,1.7468,1.7231,0.6029,0.3635,0.3008,0.3755,2,-0.1181,88.1,98.5,40.1,72.4,False,,False,True,True,True,True,True,True,True,80.3,15,True
2026-10-02,SCCO,Southern Copper Corp.,Basic Materials,Large,180478459904.0,205.54,215155843.0,501,1.8766,2.3287,2.2521,0.5808,0.3373,0.4247,0.5197,1,0.7683,92.6,97.4,72.5,76.6,False,,False,True,True,True,False,True,True,False,79.9,16,False
2026-10-02,ETN,Eaton Corp. plc,Industrials,Large,162817277952.0,436.11,873256595.0,501,1.6223,1.7506,1.7235,0.5787,0.3349,0.3211,0.3921,0,0.0572,88.4,97.2,47.8,44.2,False,,False,True,True,True,True,True,True,True,79.7,17,True
2026-10-02,FCX,Freeport-McMoRan Inc.,Basic Materials,Large,110085111808.0,72.04,926459207.0,501,1.8488,2.16,2.1031,0.5873,0.3449,0.3874,0.4767,1,0.9116,92.0,97.6,65.7,65.2,False,,False,True,True,True,True,True,True,True,79.0,18,True
2026-10-02,ALGM,Allegro MicroSystems Inc.,Technology,Small,6876371456.0,39.53,97801428.0,501,2.2169,2.9707,2.7931,0.5759,0.3317,0.5487,0.6686,0,0.2481,97.8,96.8,87.2,57.9,False,,False,True,True,True,False,True,True,False,79.0,19,False
2026-10-02,CR,Crane Co.,Industrials,Mid,12114955264.0,208.2,89710593.0,501,1.3033,1.3738,1.363,0.5581,0.3115,0.2658,0.319,1,0.1054,80.0,95.3,28.7,59.1,False,,False,True,True,True,True,True,True,True,78.9,20,True
2026-10-02,DAL,Delta Air Lines Inc.,Industrials,Large,54240751616.0,84.09,524536147.0,501,1.6401,1.7024,1.6762,0.5637,0.3177,0.3246,0.3915,0,0.4079,88.9,95.6,49.2,40.8,False,2026-10-09,False,True,True,True,True,False,True,False,78.8,21,False
2026-10-02,VIK,Viking Holdings Ltd.,Consumer Cyclical,Mid,41193435136.0,80.56,310235988.0,501,1.5073,1.6788,1.6512,0.5418,0.2936,0.3389,0.4016,0,0.4182,85.5,93.9,52.3,54.2,False,,False,True,True,True,True,True,True,True,78.7,22,True
2026-10-02,RMBS,Rambus Inc.,Technology,Small,9764797440.0,111.97,238977244.0,501,2.3976,3.5193,3.2208,0.5797,0.3361,0.6437,0.7868,1,-0.1786,99.1,97.3,92.6,73.6,False,,False,True,True,True,False,True,True,False,78.7,23,False
2026-10-02,MU,Micron Technology Inc.,Technology,—,,1074.89,31631674975.0,501,2.144,3.3003,2.9914,0.5288,0.2797,0.6892,0.8089,0,4.2573,96.8,92.6,95.8,72.6,False,,False,True,True,True,False,True,True,False,78.5,24,False
2026-10-02,C,Citigroup Inc.,Financial Services,Mega,220834545664.0,128.5,1374440737.0,501,1.2981,1.3571,1.3488,0.5997,0.3597,0.2356,0.2933,0,0.3897,79.9,98.2,16.8,23.6,False,2026-10-13,False,True,False,True,True,False,True,False,78.5,25,False
2026-10-02,BX,Blackstone Group LP,Financial Services,Large,171381800960.0,111.75,562895486.0,501,1.3935,1.3746,1.359,0.4866,0.2368,0.3211,0.3661,0,-0.1531,81.9,87.2,48.0,67.0,False,,False,True,True,False,True,True,True,False,78.3,26,False
2026-10-02,TPG,TPG Inc. Class A,Financial Services,Mid,20621957120.0,44.67,124515440.0,501,1.4788,1.5256,1.5027,0.5018,0.2518,0.3422,0.394,0,-0.0258,84.8,89.8,53.5,60.9,False,,False,True,True,True,True,True,True,True,78.2,27,True
2026-10-02,KEYS,Keysight Technologies Inc.,Technology,Large,52905398272.0,384.64,409185473.0,501,1.5874,1.8558,1.8143,0.5385,0.29,0.3779,0.4467,1,0.8578,87.4,93.5,63.1,73.1,False,,False,True,True,True,True,True,True,True,78.0,28,True
2026-10-02,LAZ,Lazard Ltd. Class A,Financial Services,Small,4169910272.0,36.07,68454980.0,501,1.7735,1.8467,1.8131,0.5765,0.3323,0.3406,0.4152,1,-0.1312,90.5,96.9,53.0,50.5,False,,False,True,True,True,True,True,True,True,78.0,29,True
2026-10-02,OMF,OneMain Holdings Inc.,Financial Services,Small,7262568448.0,56.02,59622152.0,501,1.1549,1.1333,1.1278,0.4946,0.2446,0.2591,0.297,0,0.2151,73.5,88.7,25.6,58.0,False,,False,True,False,False,True,True,True,False,77.8,30,False
2026-10-02,UAL,United Airlines Holdings Inc.,Industrials,Mid,36861382656.0,112.51,442344472.0,501,1.9908,2.1826,2.1238,0.5881,0.3459,0.3906,0.481,0,0.1632,94.0,97.7,66.3,35.1,False,,False,True,True,True,True,True,True,True,77.6,31,True
2026-10-02,ON,ON Semiconductor Corp.,Technology,Mid,28229494784.0,84.89,796310387.0,501,2.1563,2.6831,2.538,0.5483,0.3006,0.5326,0.6343,1,0.4962,97.0,94.5,86.1,69.9,False,,False,True,True,True,False,True,True,False,77.6,32,False
2026-10-02,RBC,RBC Bearings Inc.,Industrials,Mid,16271268864.0,515.56,139834555.0,501,1.0182,1.0922,1.0881,0.5059,0.256,0.2423,0.2798,0,0.2757,67.0,90.1,19.0,63.2,False,,False,True,False,True,True,True,True,False,77.6,33,False
2026-10-02,KLAC,KLA Corp.,Technology,Mega,240391553024.0,206.89,2016516878.0,501,2.0901,2.7803,2.6504,0.5959,0.3551,0.4876,0.6048,1,0.5342,95.3,98.0,82.9,63.0,False,,False,True,True,True,False,True,True,False,77.4,34,False
2026-10-02,GOOG,Alphabet Inc. Class C,Communication Services,Mega,4179580420096.0,340.35,6191568143.0,501,1.1802,1.3381,1.3285,0.5568,0.31,0.2598,0.3115,1,0.362,74.0,95.2,25.9,59.8,False,,False,True,False,True,True,True,True,False,77.3,35,False
2026-10-02,GS,Goldman Sachs Group Inc.,Financial Services,Mega,302608613376.0,902.56,2013838253.0,501,1.5126,1.6023,1.5889,0.647,0.4187,0.2457,0.321,2,0.3038,85.8,99.7,20.4,35.9,False,2026-10-13,False,True,True,True,True,False,True,False,77.3,36,False
2026-10-02,GOOGL,Alphabet Inc. Class A,Communication Services,Mega,4217126256640.0,343.5,9376843943.0,501,1.1872,1.3564,1.346,0.5555,0.3085,0.2642,0.3165,1,0.3793,74.6,95.0,27.9,60.1,False,,False,True,False,True,True,True,True,False,77.2,37,False
2026-10-02,TSLA,Tesla Inc.,Consumer Cyclical,Mega,1433132728320.0,370.59,13414730535.0,501,2.0245,2.2215,2.1698,0.6263,0.3922,0.3598,0.4598,1,-0.223,94.4,99.2,59.2,38.2,False,,False,True,True,True,True,True,True,True,77.2,38,True
2026-10-02,SMTC,Semtech Corp.,Technology,Mid,13115684864.0,194.88,436612088.0,501,2.376,3.004,2.7531,0.5101,0.2602,0.6592,0.7633,0,0.8673,99.0,90.9,94.0,59.4,False,,False,True,True,True,False,True,True,False,77.2,39,False
2026-10-02,BEN,Franklin Resources Inc.,Financial Services,Mid,17787770880.0,32.81,134904147.0,501,1.2189,1.247,1.2409,0.5782,0.3343,0.229,0.2795,1,0.5214,76.1,97.1,15.2,40.7,False,,False,True,False,True,True,True,True,False,77.2,40,False
2026-10-02,AMAT,Applied Materials Inc.,Technology,Mega,390882099200.0,540.04,3679184110.0,501,2.0322,2.6877,2.5649,0.5843,0.3414,0.4858,0.5962,1,1.0248,94.5,97.5,82.5,63.8,False,,False,True,True,True,False,True,True,False,77.1,41,False
2026-10-02,ROK,Rockwell Automation Inc.,Industrials,Mid,47716503552.0,454.35,333291222.0,501,1.2619,1.374,1.3641,0.577,0.333,0.2531,0.3086,2,0.234,78.0,97.0,23.2,58.6,False,,False,True,False,True,True,True,True,False,76.9,42,False
2026-10-02,NVT,nVent Electric plc,Industrials,Mid,24518240256.0,169.56,342316167.0,501,1.7995,2.0306,1.9795,0.5641,0.3182,0.3868,0.4665,1,0.4898,91.1,95.8,65.5,55.3,False,,False,True,True,True,True,True,True,True,76.8,43,False
2026-10-02,ANET,Arista Networks Inc.,Technology,Mega,237930037248.0,207.35,1209486107.0,501,1.8635,2.0429,1.9678,0.4912,0.2413,0.4714,0.5391,1,0.2467,92.3,88.1,80.5,79.1,False,,False,True,True,False,False,True,True,False,76.6,44,False
2026-10-02,AME,AMETEK Inc.,Industrials,Large,55542763520.0,251.93,317861650.0,501,0.9864,0.9432,0.9422,0.5168,0.267,0.2033,0.2366,1,0.2499,65.4,91.7,7.9,62.9,False,,False,True,False,True,True,True,True,False,76.6,45,False
2026-10-02,MKSI,MKS Instruments Inc.,Technology,Mid,18289199104.0,279.15,391549712.0,501,2.2861,2.8282,2.6889,0.5931,0.3517,0.4997,0.6181,1,0.9229,98.4,97.8,84.1,51.7,False,,False,True,True,True,False,True,True,False,76.5,46,False
2026-10-02,FIX,Comfort Systems USA Inc.,Industrials,Large,56651956224.0,1728.01,689953335.0,501,1.8015,2.4187,2.3198,0.5554,0.3085,0.4713,0.5645,1,0.8737,91.3,94.9,80.3,68.3,False,,False,True,True,True,False,True,True,False,76.4,47,False
2026-10-02,VRT,Vertiv Holdings Co. Class A,Industrials,Large,100847656960.0,252.18,1376796306.0,501,2.0587,2.699,2.5407,0.5342,0.2854,0.5558,0.6548,1,0.5899,95.0,93.0,87.8,69.9,False,,False,True,True,True,False,True,True,False,76.3,48,False
2026-10-02,CMI,Cummins Inc.,Industrials,Large,80902660096.0,528.32,600811355.0,501,1.4092,1.5687,1.5491,0.5551,0.3081,0.3059,0.3663,1,0.3163,82.6,94.8,42.0,50.1,False,,False,True,True,True,True,True,True,True,76.3,49,True
2026-10-02,ALAB,Astera Labs Inc.,Technology,Mid,48147320832.0,350.33,1329029793.0,501,2.3646,3.6858,3.157,0.4834,0.2337,0.8686,0.9883,0,0.4094,98.8,86.5,98.6,66.1,False,,False,True,True,False,False,True,True,False,76.3,50,False
2026-10-02,SNDK,Sandisk Corp.,Technology,Mega,233696444416.0,1719.99,20000167073.0,411,2.0934,4.0777,3.2956,0.4595,0.2111,1.0258,1.1503,0,11.8253,95.4,82.1,99.8,81.7,False,,False,True,True,False,False,True,True,False,76.2,51,False
2026-10-02,JBL,Jabil Inc.,Technology,Mid,32345677824.0,304.41,369248967.0,501,1.7821,2.0788,2.0262,0.5752,0.3309,0.3847,0.4684,0,0.3952,90.8,96.7,64.7,32.7,False,,False,True,True,True,True,True,True,True,76.2,52,False
2026-10-02,AMD,Advanced Micro Devices Inc.,Technology,Mega,772568776704.0,633.91,12218939062.0,501,2.3338,3.2164,2.9844,0.5733,0.3286,0.5983,0.7272,2,1.7868,98.5,96.6,90.5,73.7,False,,False,True,True,True,False,True,True,False,76.1,53,False
2026-10-02,CAT,Caterpillar Inc.,Industrials,Mega,380564832256.0,845.42,2254176501.0,501,1.5511,1.7329,1.7048,0.564,0.3181,0.3301,0.3982,1,0.6626,86.7,95.7,50.4,46.1,False,,False,True,True,True,True,True,True,True,76.1,54,False
2026-10-02,SWK,Stanley Black & Decker Inc.,Industrials,Mid,15065420800.0,91.34,164319423.0,501,1.4924,1.5228,1.503,0.5286,0.2795,0.3182,0.3734,1,0.3607,85.2,92.5,47.0,49.8,False,,False,True,True,True,True,True,True,True,75.9,55,True
2026-10-02,CG,Carlyle Group Inc.,Financial Services,Mid,17456744448.0,39.82,158167984.0,501,1.456,1.5566,1.5367,0.5459,0.298,0.3109,0.3696,0,-0.2027,84.3,94.4,44.0,29.5,False,,False,True,True,True,True,True,True,True,75.9,56,False
2026-10-02,CRH,CRH plc,Basic Materials,Large,63727599616.0,81.94,437885257.0,501,1.2342,1.2737,1.2645,0.5182,0.2685,0.2736,0.3186,0,-0.2181,77.0,92.0,30.9,36.3,False,,False,True,False,True,True,True,True,False,75.8,57,False
2026-10-02,ESI,Element Solutions Inc.,Basic Materials,Small,8777746432.0,37.93,186063292.0,501,1.7765,2.1642,2.1115,0.604,0.3648,0.3716,0.4644,1,0.3567,90.6,98.7,61.7,41.4,False,,False,True,True,True,True,True,True,True,75.8,58,True
2026-10-02,NDSN,Nordson Corp.,Industrials,Mid,18635894784.0,333.54,114463288.0,501,0.9256,0.8382,0.8385,0.4948,0.2449,0.1915,0.2195,1,0.3984,61.4,88.8,5.2,68.5,False,,False,True,False,False,True,True,True,False,75.7,59,False
2026-10-02,JHX,James Hardie Industries plc,Basic Materials,Mid,17502752768.0,24.99,249082835.0,501,1.5393,1.6533,1.6161,0.472,0.2228,0.4018,0.454,0,0.4461,86.3,84.5,68.4,64.0,False,,False,True,True,False,False,True,True,False,75.7,60,False
2026-10-02,LOAR,Loar Holdings Inc.,Industrials,Small,6883292160.0,61.72,46162015.0,501,1.4405,1.6712,1.6399,0.5139,0.2641,0.3631,0.4215,0,-0.1466,83.7,91.4,59.8,49.2,False,,False,True,True,True,True,True,True,True,75.6,61,False
2026-10-02,GLW,Corning Inc.,Technology,Large,129070424064.0,164.19,1606094834.0,501,2.0973,2.8475,2.6343,0.5084,0.2585,0.6276,0.7259,0,0.7491,95.6,90.3,91.8,54.3,False,,False,True,True,True,False,True,True,False,75.4,62,False
2026-10-02,HL,Hecla Mining Co.,Basic Materials,Mid,13905607680.0,17.2,658344505.0,501,1.8013,2.4659,2.2742,0.4336,0.188,0.6669,0.7371,0,0.6957,91.2,78.3,94.4,86.4,False,,False,True,True,False,False,True,True,False,75.3,63,False
2026-10-02,OWL,Blue Owl Capital Inc. Class A,Financial Services,Mid,18492446720.0,9.08,198723811.0,501,1.5282,1.7131,1.672,0.4798,0.2302,0.4076,0.4628,0,-0.2241,86.1,85.7,69.5,60.8,False,,False,True,True,False,False,True,True,False,75.3,64,False
2026-10-02,WSM,Williams-Sonoma Inc.,Consumer Cyclical,Mid,27639838720.0,232.3,242632703.0,501,1.1972,1.218,1.2088,0.4732,0.2239,0.2951,0.3336,0,0.1513,75.1,84.7,37.5,55.7,False,,False,True,False,False,True,True,True,False,75.2,65,False
2026-10-02,TKR,Timken Co.,Industrials,Small,8741796864.0,122.44,117021827.0,501,1.2309,1.3687,1.3564,0.5284,0.2792,0.2862,0.3358,1,0.6225,76.9,92.4,34.5,52.3,False,,False,True,False,True,True,True,True,False,75.2,66,False
2026-10-02,CDNS,Cadence Design Systems Inc.,Technology,Large,87855865856.0,351.35,776105516.0,501,1.3295,1.5887,1.5624,0.5076,0.2577,0.3509,0.4057,1,-0.1287,80.4,90.2,55.9,68.4,False,,False,True,True,True,True,True,True,True,75.1,67,False
2026-10-02,CRDO,Credo Technology Group Holding Ltd.,Technology,Mid,41511845888.0,218.64,1397561348.0,501,2.2787,3.3411,2.8824,0.4502,0.2027,0.8622,0.9618,0,0.1402,98.2,80.6,98.5,69.0,False,,False,True,True,False,False,True,True,False,75.1,68,False
2026-10-02,TDY,Teledyne Technologies Inc.,Technology,Mid,29043736576.0,617.17,207844237.0,501,0.9844,1.0584,1.0555,0.53,0.2809,0.2204,0.2588,1,0.0544,65.2,92.8,12.5,54.8,False,,False,True,False,True,True,True,True,False,74.9,69,False
2026-10-02,SOFI,SoFi Technologies Inc.,Financial Services,Mid,24539836416.0,15.77,1015752113.0,501,2.1051,2.693,2.5874,0.6163,0.3798,0.4478,0.5664,1,-0.3075,95.8,98.9,76.9,37.9,False,,False,True,True,True,False,True,True,False,74.9,70,False
2026-10-02,ATI,Allegheny Technologies Inc.,Industrials,Mid,29307951104.0,192.42,332893998.0,501,1.3983,1.5556,1.5289,0.488,0.2381,0.3621,0.4132,0,1.4297,82.1,87.7,59.5,53.0,False,,False,True,True,False,True,True,True,False,74.7,71,False
2026-10-02,GLXY,Galaxy Digital Inc. Class A,Financial Services,Mid,14520286208.0,23.06,135530000.0,347,2.4474,3.8592,3.395,0.544,0.2959,0.7746,0.9195,1,-0.3285,99.7,94.2,97.3,55.7,False,,False,True,True,True,False,True,True,False,74.7,72,False
2026-10-02,BLK,Blackrock Inc.,Financial Services,Large,187911847936.0,1059.63,689008119.0,501,1.1363,1.1983,1.1932,0.5694,0.3242,0.2252,0.2728,2,-0.0141,72.0,96.4,14.1,49.6,False,,False,True,False,True,True,True,True,False,74.6,73,False
2026-10-02,HOOD,Robinhood Markets Inc. Class A,Financial Services,Large,93162913792.0,112.74,2254410586.0,501,2.2051,3.1432,2.9225,0.5682,0.3229,0.5923,0.717,0,-0.2311,97.5,96.2,90.0,32.6,False,,False,True,True,True,False,True,True,False,74.6,74,False
2026-10-02,TER,Teradyne Inc.,Technology,Large,57048739840.0,449.04,1080922740.0,501,2.2812,3.2887,3.0168,0.5542,0.3072,0.6427,0.7691,2,1.4245,98.3,94.7,92.4,69.5,False,,False,True,True,True,False,True,True,False,74.6,75,False
2026-10-02,BMNR,BitMine Immersion Technologies Inc.,Financial Services,Mid,15026368512.0,26.27,832563323.0,334,2.5865,4.0263,3.5513,0.5674,0.3219,0.7604,0.9198,0,-0.5595,100.0,96.1,97.1,32.8,False,,False,True,True,True,False,True,True,False,74.4,76,False
2026-10-02,ARES,Ares Management Corp. Class A,Financial Services,Mid,47088902144.0,117.55,280016666.0,501,1.547,1.7154,1.6797,0.5085,0.2586,0.378,0.4372,0,-0.077,86.4,90.4,63.2,39.9,False,,False,True,True,True,True,True,True,True,74.3,77,False
2026-10-02,AUGO,Aura Minerals Inc.,Basic Materials,Small,7486629888.0,81.95,72299167.0,307,2.0412,2.4097,2.2221,0.4228,0.1788,0.6721,0.7387,0,1.3499,94.7,76.2,94.8,75.3,False,,False,True,True,False,False,True,True,False,74.3,78,False
2026-10-02,WDC,Western Digital Corp.,Technology,Large,165646925824.0,415.29,3572703256.0,501,1.8495,2.8978,2.6263,0.4691,0.2201,0.7099,0.8006,0,2.4428,92.1,83.7,96.2,69.2,False,,False,True,True,False,False,True,True,False,74.1,79,False
2026-10-02,QCOM,QUALCOMM Inc.,Technology,Large,168825110528.0,184.87,2153045632.0,501,1.7279,2.132,2.0522,0.5093,0.2594,0.4688,0.5426,1,0.0365,89.4,90.6,80.1,64.3,False,,False,True,True,True,False,True,True,False,74.1,80,False
2026-10-02,KKR,KKR & Co. Inc. Class A,Financial Services,Large,99119734784.0,90.29,428774610.0,501,1.4519,1.493,1.4725,0.5059,0.2559,0.3313,0.3825,0,-0.159,84.2,90.0,50.6,31.2,False,,False,True,True,True,True,True,True,True,74.1,81,False
2026-10-02,COIN,Coinbase Global Inc. Class A,Financial Services,Mid,49379721216.0,183.0,1534794120.0,501,2.0416,2.8752,2.6625,0.5155,0.2657,0.622,0.7229,1,-0.4946,94.8,91.5,91.2,60.7,False,,False,True,True,True,False,True,True,False,74.0,82,False
2026-10-02,BLSH,Bullish,Technology,Small,5021076992.0,34.23,44025124.0,287,2.1301,2.8417,2.6122,0.4915,0.2415,0.6553,0.7494,0,-0.4632,96.4,88.2,93.6,47.4,False,,False,True,True,False,False,True,True,False,73.9,83,False
2026-10-02,AU,Anglogold Ashanti plc,Basic Materials,Large,60930023424.0,94.92,251558138.0,501,1.5103,2.0031,1.9054,0.426,0.1815,0.5536,0.6095,0,0.5743,85.6,76.6,87.7,85.6,False,,False,True,True,False,False,True,True,False,73.8,84,False
2026-10-02,MCHP,Microchip Technology Inc.,Technology,Mid,40296677376.0,81.32,730790943.0,501,2.1189,2.2106,2.143,0.569,0.3238,0.4157,0.5036,3,0.1647,96.3,96.3,70.8,60.9,False,,False,True,True,True,False,True,True,False,73.8,85,False
2026-10-02,CCL,Carnival Corp. Ltd.,Consumer Cyclical,Mid,35213676544.0,25.76,531913797.0,501,1.8414,2.042,1.9821,0.5359,0.2872,0.4186,0.4939,1,-0.1495,91.8,93.3,71.6,43.7,False,,False,True,True,True,False,True,True,False,73.8,86,False
2026-10-02,AAL,American Airlines Group Inc.,Industrials,Small,9161663488.0,12.94,1170075562.0,501,1.7689,1.8975,1.8473,0.5173,0.2675,0.4086,0.4755,0,0.1633,90.3,91.9,69.6,31.3,False,,False,True,True,True,False,True,True,False,73.8,87,False
2026-10-02,GTES,Gates Industrial Corp. plc,Industrials,Small,6751541760.0,27.65,48575649.0,501,1.5572,1.5975,1.5708,0.5093,0.2594,0.3513,0.4065,1,-0.0119,86.9,90.7,56.0,44.0,False,,False,True,True,True,True,True,True,True,73.8,88,False
2026-10-02,TT,Trane Technologies plc,Industrials,Large,99765108736.0,463.91,512198711.0,501,1.0814,1.0829,1.0788,0.4918,0.2419,0.2495,0.2854,1,0.0368,69.5,88.3,21.7,53.7,False,,False,True,False,False,True,True,True,False,73.7,89,False
2026-10-02,XYZ,Square Inc.,Technology,Mid,48892694528.0,74.33,357464571.0,501,1.6344,1.866,1.8188,0.5168,0.2671,0.4022,0.468,1,0.1234,88.6,91.8,68.5,48.1,False,,False,True,True,True,False,True,True,False,73.4,90,False
2026-10-02,LECO,Lincoln Electric Holdings Inc.,Industrials,Mid,15813210112.0,274.38,112861017.0,501,1.0874,1.1339,1.1286,0.5013,0.2513,0.2547,0.2932,1,0.1863,69.8,89.7,23.5,50.4,False,,False,True,False,True,True,True,True,False,73.4,91,False
2026-10-02,ALK,Alaska Air Group Inc.,Industrials,Small,4798934016.0,39.53,122185982.0,501,1.8808,2.2277,2.1551,0.5603,0.3139,0.4286,0.5153,0,-0.1425,92.7,95.5,73.0,19.9,False,,False,True,True,True,False,True,False,False,73.4,92,False
2026-10-02,CHYM,Chime Financial Inc. Class A,Technology,Mid,12550096896.0,27.25,217884416.0,329,1.7951,2.1754,2.0516,0.4364,0.1905,0.5836,0.6461,1,0.6705,91.0,78.7,89.3,85.1,False,,False,True,True,False,False,True,True,False,73.4,93,False
2026-10-02,NEM,Newmont Goldcorp Corp.,Basic Materials,Large,138644832256.0,115.56,837280347.0,501,1.3587,1.6204,1.5752,0.4202,0.1766,0.4553,0.4998,0,0.4668,80.9,75.8,78.7,85.7,False,,False,True,True,False,False,True,True,False,73.3,94,False
2026-10-02,WMS,Advanced Drainage Systems Inc.,Industrials,Mid,10666840064.0,127.27,96405224.0,501,1.3941,1.3558,1.3408,0.4819,0.2322,0.3208,0.3647,1,-0.0527,82.0,86.2,47.6,51.2,False,,False,True,True,False,True,True,True,False,73.3,95,False
2026-10-02,CIEN,Ciena Corp.,Technology,Large,52650614784.0,391.34,857543034.0,501,1.8983,2.4887,2.3008,0.4437,0.1969,0.6541,0.727,0,1.3343,93.0,79.5,93.4,65.1,False,,False,True,True,False,False,True,True,False,73.2,96,False
2026-10-02,CW,Curtiss-Wright Corp.,Industrials,Mid,22519300096.0,545.64,219366800.0,501,1.1778,1.3908,1.3763,0.5123,0.2625,0.3034,0.3519,1,0.0366,73.8,91.1,41.0,54.9,False,,False,True,False,True,True,True,True,False,73.2,97,False
2026-10-02,SF,Stifel Financial Corp.,Financial Services,Mid,12196409344.0,70.28,93960617.0,501,1.0549,1.0213,1.0187,0.4959,0.2459,0.2328,0.267,1,0.0923,67.8,89.0,16.0,47.4,False,,False,True,False,False,True,True,True,False,73.2,98,False
2026-10-02,AFRM,Affirm Holdings Inc.,Financial Services,Mid,26103668736.0,70.77,316437764.0,501,2.0935,2.5343,2.4187,0.556,0.3091,0.493,0.5908,1,-0.0044,95.5,95.1,83.6,39.6,False,,False,True,True,True,False,True,True,False,73.1,99,False
2026-10-02,ALLY,Ally Financial Inc.,Financial Services,Mid,12940654592.0,37.91,138680299.0,501,1.1091,1.1972,1.1908,0.5249,0.2755,0.2526,0.2956,1,0.1327,71.0,92.1,23.1,40.7,False,,False,True,False,True,True,True,True,False,73.0,100,False
2026-10-02,ECG,Everus Construction Group Inc.,Industrials,Small,6185222144.0,123.35,65235180.0,484,1.9184,2.6229,2.4819,0.5386,0.2901,0.5339,0.6312,1,0.3594,93.2,93.6,86.3,47.9,False,,False,True,True,True,False,True,True,False,72.8,101,False
2026-10-02,COF,Capital One Financial Corp.,Financial Services,Large,133684486144.0,194.72,773047303.0,501,1.2904,1.3344,1.3243,0.5431,0.295,0.2685,0.3185,2,0.0304,79.3,94.1,29.5,38.8,False,,False,True,False,True,True,True,True,False,72.7,102,False
2026-10-02,TROW,T. Rowe Price Group Inc.,Financial Services,Mid,24076961792.0,104.62,187758837.0,501,0.8847,0.8961,0.8956,0.4817,0.232,0.2121,0.2411,1,0.1251,58.9,86.1,10.6,64.4,False,,False,True,False,False,True,True,True,False,72.7,103,False
2026-10-02,AEIS,Advanced Energy Industries Inc.,Industrials,Mid,11336677376.0,304.28,173374148.0,501,2.0512,2.6132,2.4716,0.5352,0.2864,0.5367,0.6328,1,0.5243,94.9,93.2,86.4,44.1,False,,False,True,True,True,False,True,True,False,72.7,104,False
2026-10-02,MOD,Modine Manufacturing Co.,Consumer Cyclical,Small,9948010496.0,178.2,281679438.0,501,2.1405,2.8986,2.6993,0.5348,0.286,0.596,0.7025,1,0.214,96.6,93.1,90.3,44.4,False,,False,True,True,True,False,True,True,False,72.7,105,False
2026-10-02,AS,Amer Sports Inc.,Consumer Cyclical,Mid,17774661632.0,27.17,193256367.0,501,1.4255,1.5096,1.486,0.4871,0.2372,0.3523,0.4017,1,-0.1828,83.1,87.3,57.0,52.4,False,,False,True,True,False,True,True,True,False,72.7,106,False
2026-10-02,STT,State Street Corp.,Financial Services,Large,52446060544.0,175.96,358508264.0,501,1.011,1.0777,1.0749,0.5601,0.3137,0.2074,0.2494,1,0.7068,66.4,95.4,9.0,29.1,False,,False,True,False,True,True,True,True,False,72.6,107,False
2026-10-02,MTSI,MACOM Technology Solutions Holdings Inc.,Technology,Mid,20823298048.0,321.6,386006553.0,501,1.9523,2.2538,2.1362,0.4707,0.2216,0.5497,0.6206,1,1.0351,93.6,84.2,87.3,62.5,False,,False,True,True,False,False,True,True,False,72.6,108,False
2026-10-02,SN,SharkNinja Inc.,Consumer Cyclical,Mid,26683668480.0,182.57,303085612.0,501,1.3619,1.4466,1.4203,0.4322,0.1868,0.3928,0.4338,0,0.7466,81.0,78.0,67.2,65.7,False,,False,True,True,False,False,True,True,False,72.6,109,False
2026-10-02,POWL,Powell Industries Inc.,Industrials,Small,6985944064.0,196.1,131376096.0,501,1.7687,2.3079,2.1833,0.4754,0.226,0.5558,0.6292,1,0.6159,90.2,84.9,87.9,69.5,False,,False,True,True,False,False,True,True,False,72.5,110,False
2026-10-02,SYF,Synchrony Financial,Financial Services,Mid,26280202240.0,71.77,258166164.0,501,1.2593,1.2421,1.2337,0.5094,0.2595,0.273,0.316,2,0.1411,77.9,90.8,30.7,46.0,False,,False,True,False,True,True,True,True,False,72.3,111,False
2026-10-02,FLEX,Flex Ltd.,Technology,Mid,39396827136.0,116.61,432149300.0,501,2.1462,2.8924,2.7015,0.5425,0.2943,0.5829,0.6911,1,0.8264,96.9,94.0,89.2,36.4,False,,False,True,True,True,False,True,True,False,72.0,112,False
2026-10-02,CGNX,Cognex Corp.,Technology,Mid,10382775296.0,64.97,118885263.0,501,1.8457,1.9421,1.8548,0.4259,0.1814,0.5369,0.591,1,0.3163,91.9,76.5,86.5,74.5,False,,False,True,True,False,False,True,True,False,72.0,113,False
2026-10-02,WAB,Westinghouse Air Brake Technologies Corp.,Industrials,Large,50271244288.0,287.54,258310843.0,501,0.9408,0.971,0.9693,0.4844,0.2346,0.2282,0.2598,1,0.4158,62.1,86.7,15.1,54.8,False,,False,True,False,False,True,True,True,False,71.9,114,False
2026-10-02,AMKR,Amkor Technology Inc.,Technology,Mid,12025100288.0,56.02,256794634.0,501,2.4226,3.452,3.1583,0.5702,0.3252,0.6471,0.7846,2,0.6118,99.6,96.5,92.8,45.4,False,,False,True,True,True,False,True,True,False,71.9,115,False
2026-10-02,OKLO,Oklo Inc. Class A,Utilities,Small,7738333696.0,35.87,395679930.0,501,2.461,3.8749,3.3672,0.5263,0.277,0.8146,0.9542,0,-0.6591,99.8,92.2,98.3,24.6,False,,False,True,True,True,False,True,True,False,71.9,116,False
2026-10-02,MRVL,Marvell Technology Inc.,Technology,Mega,212753924096.0,272.29,4929219198.0,501,2.4049,3.0542,2.7777,0.5005,0.2505,0.6875,0.7909,2,1.4666,99.2,89.5,95.7,60.5,False,,False,True,True,True,False,True,True,False,71.8,117,False
2026-10-02,BE,Bloom Energy Corp. Class A,Industrials,Large,60089475072.0,289.15,3682555764.0,501,2.1408,4.2316,3.45,0.4845,0.2347,0.9943,1.1321,1,1.4091,96.7,86.8,99.6,58.2,False,,False,True,True,False,False,True,True,False,71.8,118,False
2026-10-02,WCC,WESCO International Inc.,Industrials,Mid,16939541504.0,381.73,202586036.0,501,1.7903,1.9757,1.9302,0.5671,0.3216,0.3734,0.4516,2,0.5729,90.9,96.0,62.1,35.1,False,,False,True,True,True,True,True,True,True,71.8,119,False
2026-10-02,ESAB,Esab Corp.,Industrials,Small,5109441024.0,69.9,62286023.0,501,1.6071,1.7101,1.6706,0.486,0.2362,0.4002,0.4561,0,-0.3334,87.7,87.0,68.1,30.8,False,,False,True,True,False,False,True,True,False,71.8,120,False
2026-10-02,PPG,PPG Industries Inc.,Basic Materials,Mid,25264396288.0,105.15,191146257.0,501,1.1079,1.0422,1.0383,0.4455,0.1984,0.2726,0.3033,0,0.0973,70.6,79.8,30.6,44.1,False,,False,True,False,False,True,True,True,False,71.7,121,False
2026-10-02,STRL,Sterling Construction Co. Inc.,Industrials,Mid,15215034368.0,533.42,364602414.0,501,2.1144,3.2894,2.9001,0.476,0.2266,0.7908,0.8956,1,0.3541,96.0,85.0,97.8,60.1,False,,False,True,True,False,False,True,True,False,71.7,122,False
2026-10-02,IR,Ingersoll Rand Inc.,Industrials,Mid,30485114880.0,76.07,341414784.0,501,1.2122,1.178,1.1701,0.4672,0.2183,0.2901,0.3268,1,-0.1009,75.7,83.5,36.1,47.8,False,,False,True,False,False,True,True,True,False,71.6,123,False
2026-10-02,HUBB,Hubbell Inc. Class B,Industrials,Mid,24528623616.0,475.52,242028372.0,501,1.1832,1.2048,1.1968,0.4875,0.2377,0.2808,0.3203,1,0.0583,74.2,87.5,33.0,41.1,False,,False,True,False,False,True,True,True,False,71.6,124,False
2026-10-02,Q,Qnity Electronics Inc.,Technology,Mid,26506530816.0,131.48,224217546.0,235,2.234,2.6065,2.5006,0.6077,0.3693,0.4393,0.5508,0,,98.0,98.8,75.1,58.6,False,,True,True,True,True,False,False,True,False,71.5,125,False
2026-10-02,DD,DuPont de Nemours Inc.,Basic Materials,Mid,18368038912.0,129.98,181055391.0,501,1.1348,1.1365,1.1305,0.4793,0.2297,0.2708,0.3073,2,0.3777,71.8,85.6,30.1,63.3,False,,False,True,False,False,True,True,True,False,71.5,126,False
2026-10-02,SPXC,SPX Technologies Inc.,Industrials,Mid,10302160896.0,173.09,107059870.0,501,1.4792,1.608,1.5799,0.5046,0.2546,0.3581,0.4131,2,0.0395,85.0,89.9,58.6,53.9,False,,False,True,True,True,True,True,True,True,71.5,127,False
2026-10-02,ALSN,Allison Transmission Holdings Inc.,Consumer Cyclical,Mid,10634399744.0,117.97,98788063.0,501,1.089,1.0342,1.0302,0.4316,0.1863,0.2813,0.3106,0,0.4907,70.0,77.9,33.1,50.2,False,,False,True,False,False,True,True,True,False,71.5,128,False
2026-10-02,AMZN,Amazon.com Inc.,Consumer Cyclical,Mega,2789664358400.0,251.52,10000279845.0,501,1.3345,1.4402,1.4259,0.5444,0.2964,0.2888,0.3429,3,0.1557,80.6,94.3,35.8,48.6,False,,False,True,True,True,True,True,True,True,71.2,129,True
2026-10-02,RRX,Regal Beloit Corp.,Industrials,Mid,11001953280.0,159.87,210559436.0,501,1.9183,2.1422,2.072,0.5387,0.2902,0.436,0.5154,2,0.1296,93.1,93.8,74.4,41.9,False,,False,True,True,True,False,True,True,False,71.2,130,False
2026-10-02,AYI,Acuity Brands Inc.,Industrials,Mid,10218499072.0,308.76,99409678.0,501,1.3872,1.4788,1.4584,0.498,0.248,0.3351,0.3849,2,-0.0871,81.7,89.3,51.6,53.7,False,,False,True,True,False,True,True,True,False,71.2,131,False
2026-10-02,ORCL,Oracle Corp.,Technology,Mega,421902581760.0,142.3,4561954737.0,501,1.8054,2.0257,1.9429,0.4658,0.217,0.5007,0.5636,0,-0.4899,91.4,83.2,84.2,39.3,False,,False,True,True,False,False,True,True,False,71.1,132,False
2026-10-02,RKLB,Rocket Lab Corp.,Industrials,Mid,43658981376.0,73.92,1362253104.0,501,2.4762,3.7053,3.2344,0.5133,0.2635,0.8061,0.9356,1,0.3154,99.9,91.3,98.1,37.0,False,,False,True,True,True,False,True,True,False,71.1,133,False
2026-10-02,CFG,Citizens Financial Group Inc.,Financial Services,Mid,29410777088.0,64.33,276230759.0,501,0.9585,1.0015,0.9991,0.4835,0.2338,0.2359,0.2685,0,0.3629,63.4,86.6,17.0,31.8,False,,False,True,False,False,True,True,True,False,71.1,134,False
2026-10-02,SHC,Sotera Health Co.,Healthcare,Small,5576223744.0,18.22,47166922.0,501,0.9407,0.9814,0.979,0.4451,0.1981,0.2569,0.2858,0,0.1711,62.0,79.7,24.7,54.6,False,,False,True,False,False,True,True,True,False,71.1,135,False
2026-10-02,TOL,Toll Brothers Inc.,Consumer Cyclical,Mid,13687089152.0,136.61,140650379.0,501,1.1952,1.2569,1.246,0.4714,0.2222,0.306,0.3456,1,0.0128,75.0,84.4,42.2,50.0,False,,False,True,False,False,True,True,True,False,71.0,136,False
2026-10-02,TXN,Texas Instruments Inc.,Technology,Mega,241426137088.0,293.8,1797116116.0,501,1.4584,1.4776,1.4514,0.45,0.2025,0.3816,0.4256,2,0.4491,84.4,80.4,64.1,72.5,False,,False,True,True,False,True,True,True,False,70.9,137,False
2026-10-02,SSD,Simpson Manufacturing Co. Inc.,Basic Materials,Small,7579296768.0,173.56,50824711.0,501,0.9637,0.893,0.8924,0.4011,0.1609,0.2654,0.2885,0,0.0682,63.8,72.5,28.6,65.2,False,,False,True,False,False,True,True,True,False,70.9,138,False
2026-10-02,ALGN,Align Technology Inc.,Healthcare,Mid,11305282560.0,143.74,145314715.0,501,1.1868,1.3605,1.3422,0.4477,0.2004,0.3536,0.3939,1,0.248,74.5,80.2,57.4,72.1,False,,False,True,False,False,True,True,True,False,70.8,139,False
2026-10-02,AUR,Aurora Innovation Inc. Class A,Consumer Cyclical,Mid,11543934976.0,5.67,179563069.0,501,2.1091,2.883,2.7129,0.5645,0.3186,0.5486,0.662,1,0.1228,95.9,95.9,87.1,25.5,False,,False,True,True,True,False,True,True,False,70.8,140,False
2026-10-02,XP,XP Inc.,Financial Services,Small,9037558784.0,21.5,112027508.0,501,1.3796,1.813,1.7689,0.5089,0.2589,0.3991,0.4618,1,0.1219,81.4,90.5,67.9,49.4,False,,False,True,True,True,False,True,True,False,70.8,141,False
2026-10-02,COHR,Coherent Corp.,Technology,Large,53949820928.0,337.04,1916618623.0,501,2.3614,3.2395,2.8849,0.4862,0.2364,0.7576,0.8635,1,1.3431,98.7,87.1,97.0,43.1,False,,False,True,True,False,False,True,True,False,70.7,142,False
2026-10-02,RL,Ralph Lauren Corp. Class A,Consumer Cyclical,Mid,21587836928.0,363.37,230323144.0,501,1.1835,1.2351,1.2244,0.4594,0.211,0.3108,0.3485,1,0.0683,74.3,82.0,43.9,55.0,False,,False,True,False,False,True,True,True,False,70.7,143,False
2026-10-02,INTC,Intel Corp.,Technology,Mega,476119498752.0,119.33,11005887063.0,501,2.1039,2.946,2.6958,0.4975,0.2475,0.6685,0.7675,2,1.5056,95.7,89.2,94.7,60.4,False,,False,True,True,False,False,True,True,False,70.6,144,False
2026-10-02,VICR,Vicor Corp.,Technology,Small,9093630976.0,308.9,198464805.0,501,2.2116,3.3402,2.8749,0.447,0.1998,0.87,0.9686,1,2.6826,97.6,80.0,98.7,58.4,False,,False,True,True,False,False,True,True,False,70.6,145,False
2026-10-02,AXTA,Axalta Coating Systems Ltd.,Basic Materials,Small,7835272192.0,32.2,59716865.0,501,1.1085,1.0466,1.0419,0.4221,0.1781,0.2925,0.3214,0,0.2746,70.9,76.0,37.0,49.2,False,,False,True,False,False,True,True,True,False,70.6,146,False
2026-10-02,APH,Amphenol Corp. Class A,Technology,Large,193590722560.0,86.96,999048649.0,501,1.5312,1.7485,1.7081,0.4986,0.2486,0.3956,0.4546,2,0.2911,86.2,89.4,67.6,53.9,False,,False,True,True,False,False,True,True,False,70.5,147,False
2026-10-02,TRMB,Trimble Inc.,Technology,Mid,13916173312.0,57.52,170424132.0,501,1.0176,1.1017,1.096,0.4515,0.2039,0.2833,0.3162,1,-0.2556,66.9,80.8,33.9,62.9,False,,False,True,False,False,True,True,True,False,70.5,148,False
2026-10-02,GFS,GLOBALFOUNDRIES Inc.,Technology,Mid,25059168256.0,50.17,200376816.0,501,1.944,2.2581,2.1505,0.4899,0.24,0.523,0.5975,2,0.276,93.5,88.0,85.7,57.4,False,,False,True,True,False,False,True,True,False,70.5,149,False
2026-10-02,ROKU,Roku Inc.,Communication Services,Mid,23711414272.0,152.39,351724092.0,501,1.2531,1.4674,1.4427,0.4556,0.2076,0.3731,0.4174,1,0.5226,77.6,81.8,62.0,63.9,False,,False,True,False,False,True,True,True,False,70.4,150,False
2026-10-02,ITT,ITT Inc.,Industrials,—,,206.17,176987107.0,501,1.2839,1.207,1.1986,0.481,0.2314,0.2863,0.3253,2,0.1196,79.1,85.9,34.6,42.6,False,,False,True,False,False,True,True,True,False,70.4,151,False
2026-10-02,GE,General Electric Co.,Industrials,Mega,361455648768.0,309.56,1345723810.0,501,1.1402,1.2406,1.2311,0.4875,0.2377,0.2891,0.3298,1,0.0993,72.3,87.4,35.9,40.2,False,,False,True,False,False,True,True,True,False,70.3,152,False
2026-10-02,APO,Apollo Global Management Inc.,Financial Services,Large,78418223104.0,114.02,426386624.0,501,1.2673,1.2011,1.19,0.4262,0.1816,0.3318,0.3653,0,0.0349,78.4,76.7,50.7,41.9,False,,False,True,False,False,True,True,True,False,70.3,153,False
2026-10-02,LITE,Lumentum Holdings Inc.,Technology,Large,74466246656.0,1085.42,4017854962.0,501,1.8676,2.8707,2.4683,0.3813,0.1454,0.9057,0.9758,0,4.0792,92.5,69.1,99.4,69.9,False,,False,True,True,False,False,True,True,False,70.2,154,False
2026-10-02,IREN,IREN Ltd.,Financial Services,Mid,14145049600.0,41.76,1729357594.0,501,2.197,3.8317,3.179,0.4608,0.2123,0.9604,1.0778,0,-0.1589,97.3,82.4,99.5,36.4,False,,False,True,True,False,False,True,True,False,70.2,155,False
2026-10-02,CRUS,Cirrus Logic Inc.,Technology,Small,5529971200.0,121.17,98618236.0,501,1.2117,1.1602,1.1505,0.4137,0.1711,0.3323,0.3635,1,-0.1006,75.6,75.0,50.8,67.0,False,,False,True,False,False,True,True,True,False,70.1,156,False
2026-10-02,EME,EMCOR Group Inc.,Industrials,Mid,33739663360.0,786.61,308203193.0,501,1.4234,1.8658,1.8231,0.5369,0.2882,0.3815,0.4504,2,0.1234,82.9,93.4,64.0,48.0,False,,False,True,True,True,True,True,True,True,70.0,157,False
2026-10-02,GEV,GE Vernova LLC,Industrials,Mega,254841290752.0,988.7,2340311029.0,501,1.5864,1.9753,1.908,0.4884,0.2386,0.4592,0.5242,2,0.5244,87.3,87.8,79.2,61.1,False,,False,True,True,False,False,True,True,False,69.8,158,False
2026-10-02,PCAR,PACCAR Inc.,Industrials,Large,68395864064.0,109.68,416276579.0,501,0.888,0.9389,0.9376,0.4545,0.2066,0.2394,0.2677,0,0.2807,59.1,81.5,17.9,42.8,False,,False,True,False,False,True,True,True,False,69.8,159,False
2026-10-02,RGLD,Royal Gold Inc.,Basic Materials,Mid,22549473280.0,234.64,159363348.0,501,1.0931,1.3339,1.314,0.4157,0.1728,0.3797,0.4159,0,0.3025,70.2,75.4,63.6,71.9,False,,False,True,False,False,True,True,True,False,69.7,160,False
2026-10-02,VMI,Valmont Industries Inc.,Industrials,Small,9208031232.0,478.74,93595605.0,501,1.1232,1.1707,1.1641,0.4958,0.2458,0.2668,0.3061,2,0.1925,71.3,88.9,29.0,45.8,False,,False,True,False,False,True,True,True,False,69.7,161,False
2026-10-02,HPE,Hewlett Packard Enterprise Co.,Technology,Large,69427994624.0,69.33,1110126963.0,501,1.7475,2.0651,1.9758,0.4646,0.2158,0.5122,0.5762,1,1.1112,89.7,82.8,84.8,51.6,False,,False,True,True,False,False,True,True,False,69.6,162,False
2026-10-02,FERG,Ferguson Enterprises Inc./DE,Industrials,Mid,45741895680.0,223.33,562376945.0,501,1.0582,1.175,1.1688,0.5127,0.2629,0.2561,0.297,1,-0.0038,68.2,91.2,24.3,27.2,False,,False,True,False,True,True,True,True,False,69.6,163,False
2026-10-02,SNX,SYNNEX Corp.,Technology,Mid,20100831232.0,278.37,211342453.0,501,1.23,1.3716,1.3584,0.5162,0.2664,0.2962,0.3444,2,0.5554,76.8,91.6,38.3,35.6,False,,False,True,False,True,True,True,True,False,69.4,164,False
2026-10-02,WULF,Terawulf Inc.,Financial Services,Small,7968529920.0,15.49,549863135.0,501,2.191,3.3702,2.9488,0.4747,0.2254,0.8131,0.9201,0,0.2921,97.2,84.8,98.2,26.3,False,,False,True,True,False,False,True,True,False,69.4,165,False
2026-10-02,BC,Brunswick Corp./DE,Consumer Cyclical,Small,5162411008.0,65.43,55008155.0,501,1.2669,1.3682,1.3516,0.4712,0.222,0.3333,0.3763,1,0.1873,78.3,84.3,51.0,40.4,False,,False,True,False,False,True,True,True,False,69.4,166,False
2026-10-02,HLNE,Hamilton Lane Inc. Class A,Financial Services,Small,5809389568.0,87.04,61579715.0,501,1.2934,1.1599,1.1468,0.3625,0.1314,0.3881,0.4148,0,-0.1855,79.5,65.1,65.9,67.4,False,,False,True,False,False,True,True,True,False,69.3,167,False
2026-10-02,CRBG,Corebridge Financial Inc.,Financial Services,Mid,14500852736.0,34.03,143803123.0,501,1.1421,1.2805,1.2687,0.4766,0.2271,0.3074,0.3483,0,0.0681,72.5,85.2,42.7,26.5,False,,False,True,False,False,True,True,True,False,69.2,168,False
2026-10-02,RKT,Rocket Cos. Inc. Class A,Financial Services,Mid,39359827968.0,11.7,406868930.0,501,1.6198,2.1625,2.0678,0.4853,0.2355,0.5071,0.5776,0,-0.3078,88.3,86.9,84.4,27.6,False,,False,True,True,False,False,True,True,False,69.1,169,False
2026-10-02,APLD,Applied Digital Corp.,Technology,Small,7639243776.0,25.38,482035483.0,501,2.3675,3.867,3.2735,0.489,0.2391,0.8977,1.025,1,-0.0036,98.9,87.9,99.2,31.2,False,2026-10-07,False,True,True,False,False,False,True,False,68.9,170,False
2026-10-02,VNO,Vornado Realty Trust,Real Estate,Small,7714001920.0,33.73,55455013.0,501,1.02,1.0349,1.0305,0.4166,0.1736,0.2939,0.322,0,-0.0932,67.1,75.6,37.4,47.3,False,,False,True,False,False,True,True,True,False,68.9,171,False
2026-10-02,SNPS,Synopsys Inc.,Technology,Large,75540512768.0,489.9,814548019.0,501,1.2978,1.6539,1.618,0.479,0.2295,0.3944,0.4475,2,-0.149,79.8,85.5,67.3,63.8,False,,False,True,False,False,False,True,True,False,68.8,172,False
2026-10-02,CVNA,Carvana Co. Class A,Consumer Cyclical,Large,107632271360.0,63.77,601672253.0,501,1.8838,2.3578,2.2345,0.4924,0.2424,0.5424,0.6207,1,-0.0622,92.8,88.5,86.9,31.7,False,,False,True,True,False,False,True,True,False,68.8,173,False
2026-10-02,IESC,IES Holdings Inc.,Industrials,Mid,13209051136.0,339.34,108733439.0,501,1.8605,2.8518,2.6155,0.4877,0.2378,0.6644,0.758,2,0.5456,92.2,87.6,94.2,58.7,False,,False,True,True,False,False,True,True,False,68.8,174,False
2026-10-02,CRWV,CoreWeave Inc. Class A,Technology,Mid,48557281280.0,89.62,2413596660.0,381,2.1157,3.2656,2.8367,0.45,0.2025,0.8433,0.9406,0,-0.4095,96.1,80.5,98.4,31.6,False,,False,True,True,False,False,True,True,False,68.7,175,False
2026-10-02,ABNB,Airbnb Inc. Class A,Consumer Cyclical,Large,113895022592.0,162.43,786636107.0,501,1.0345,1.1074,1.0996,0.4015,0.1612,0.3287,0.3575,1,0.4982,67.4,72.8,50.2,79.1,False,,False,True,False,False,True,True,True,False,68.6,176,False
2026-10-02,MSTR,MicroStrategy Inc. Class A,Technology,Large,50387234816.0,160.01,2647465705.0,501,2.2012,3.1058,2.8059,0.4943,0.2444,0.7107,0.8143,1,-0.636,97.4,88.6,96.3,28.9,False,,False,True,True,False,False,True,True,False,68.6,177,False
2026-10-02,CNM,Core & Main Inc. Class A,Industrials,Small,8393830912.0,41.35,96157317.0,501,1.0698,1.1404,1.1333,0.4512,0.2036,0.2935,0.3276,0,-0.1679,68.9,80.7,37.2,32.9,False,,False,True,False,False,True,True,True,False,68.6,178,False
2026-10-02,PLTR,Palantir Technologies Inc. Class A,Technology,Mega,432406331392.0,188.75,5500702645.0,501,1.4282,1.9304,1.8393,0.414,0.1714,0.5523,0.6044,1,-0.0838,83.2,75.1,87.6,74.7,False,,False,True,True,False,False,True,True,False,68.5,179,False
2026-10-02,LUV,Southwest Airlines Co.,Industrials,Mid,19969478656.0,42.47,231586665.0,501,1.5523,1.5667,1.5353,0.4622,0.2136,0.3912,0.4394,1,0.2118,86.8,82.7,66.5,32.8,False,,False,True,True,False,True,True,True,False,68.5,180,False
2026-10-02,WFRD,Weatherford International plc,Energy,Small,6308318720.0,79.72,96969040.0,501,1.228,1.2201,1.2053,0.3898,0.1519,0.3751,0.4057,0,0.4151,76.6,70.9,62.5,55.0,False,,False,True,False,False,True,True,True,False,68.4,181,False
2026-10-02,JCI,Johnson Controls International plc,Industrials,Large,86651314176.0,156.24,473604301.0,501,1.1468,1.0662,1.0617,0.4553,0.2073,0.2713,0.3035,2,0.2863,72.8,81.7,30.3,46.1,False,,False,True,False,False,True,True,True,False,68.3,182,False
2026-10-02,WSC,WillScot Holdings Corp.,Industrials,Small,3870238976.0,17.3,59004793.0,501,1.5472,1.7893,1.732,0.4483,0.2009,0.4643,0.5174,1,-0.0615,86.5,80.3,79.4,48.3,False,,False,True,True,False,False,True,True,False,68.2,183,False
2026-10-02,OLED,Universal Display Corp.,Technology,Small,3991759872.0,80.37,60502125.0,501,1.3864,1.4196,1.3955,0.4332,0.1877,0.3843,0.4247,2,-0.4124,81.6,78.2,64.5,64.6,False,,False,True,True,False,True,True,True,False,68.1,184,False
2026-10-02,AVT,Avnet Inc.,Technology,Small,7410369024.0,106.94,114641036.0,501,1.2507,1.3567,1.3404,0.4666,0.2177,0.3347,0.3769,1,0.7524,77.5,83.4,51.3,35.1,False,,False,True,False,False,True,True,True,False,68.0,185,False
2026-10-02,COLB,Columbia Banking System Inc.,Financial Services,Small,8687928320.0,28.92,88430546.0,501,0.9132,0.9625,0.9607,0.4597,0.2113,0.242,0.2714,1,0.2181,60.9,82.2,18.6,42.2,False,,False,True,False,False,True,True,True,False,67.9,186,False
2026-10-02,SARO,StandardAero Inc.,Industrials,Small,8329242112.0,21.05,91566226.0,501,1.2265,1.3143,1.301,0.4763,0.2268,0.3158,0.3577,1,-0.1231,76.4,85.1,45.7,28.2,False,,False,True,False,False,True,True,True,False,67.9,187,False
2026-10-02,CRS,Carpenter Technology Corp.,Industrials,Mid,24089923584.0,388.47,355626763.0,501,1.4291,1.5589,1.5189,0.4134,0.1709,0.4469,0.4888,1,0.8372,83.3,74.9,76.7,58.6,False,,False,True,True,False,False,True,True,False,67.7,188,False
2026-10-02,HEI-A,HEICO Corp. Class A,Industrials,Mid,35926564864.0,224.84,65090072.0,501,0.8936,1.0636,1.0594,0.4652,0.2164,0.2634,0.2963,1,-0.049,59.5,83.1,27.6,51.6,False,,False,True,False,False,True,True,True,False,67.7,189,False
2026-10-02,OC,Owens Corning,Industrials,Mid,11518183424.0,118.36,133102642.0,501,1.4129,1.5041,1.4786,0.4695,0.2205,0.368,0.4152,2,-0.0257,82.8,84.0,60.7,45.4,False,,False,True,True,False,True,True,True,False,67.7,190,False
2026-10-02,AMP,Ameriprise Financial Inc.,Financial Services,Mid,49603891200.0,490.91,293583199.0,501,0.7791,0.7971,0.7982,0.3982,0.1585,0.239,0.2595,0,0.1492,53.2,72.1,17.7,57.7,False,,False,True,False,False,True,True,True,False,67.6,191,False
2026-10-02,RDDT,Reddit Inc. Class A,Communication Services,Mid,31254812672.0,147.86,942009728.0,501,1.7735,2.0274,1.8937,0.3753,0.1409,0.6515,0.7001,1,-0.2196,90.4,67.2,93.0,70.7,False,,False,True,True,False,False,True,True,False,67.6,192,False
2026-10-02,AGNC,AGNC Investment Corp.,Real Estate,Mid,12815054848.0,8.79,257535831.0,501,0.745,0.7273,0.7287,0.4524,0.2047,0.1865,0.2084,0,0.2097,49.7,81.1,4.0,37.2,False,,False,True,False,False,True,True,True,False,67.6,193,False
2026-10-02,P,Pure Storage Inc. Class A,Technology,Mid,34174550016.0,140.14,458520296.0,501,2.0824,2.4386,2.2777,0.4615,0.2129,0.6101,0.6849,2,0.0787,95.2,82.5,90.8,48.0,False,,False,True,True,False,False,True,True,False,67.5,194,False
2026-10-02,PH,Parker-Hannifin Corp.,Industrials,Large,126305779712.0,972.55,599973105.0,501,0.9978,0.8309,0.8314,0.4078,0.1663,0.2421,0.2641,2,0.2676,65.8,74.5,18.8,57.1,False,,False,True,False,False,True,True,True,False,67.4,195,False
2026-10-02,QXO,QXO Inc.,Industrials,Mid,14545619968.0,12.06,278910315.0,501,1.9766,2.6638,2.5223,0.5485,0.3009,0.5284,0.6294,2,-0.2919,93.8,94.6,85.8,25.5,False,,False,True,True,True,False,True,True,False,67.4,196,False
2026-10-02,OSK,Oshkosh Corp.,Industrials,Small,9722775552.0,133.85,104794756.0,501,1.362,1.471,1.4473,0.4652,0.2164,0.3643,0.4099,2,0.2058,81.1,83.0,60.1,48.8,False,,False,True,True,False,True,True,True,False,67.4,197,False
2026-10-02,WTFC,Wintrust Financial Corp.,Financial Services,Mid,10327425024.0,145.02,87364537.0,501,0.8056,0.8203,0.8209,0.4253,0.1809,0.2272,0.25,0,0.1736,54.7,76.4,14.5,41.7,False,,False,True,False,False,True,True,True,False,67.3,198,False
2026-10-02,EXP,Eagle Materials Inc.,Basic Materials,Small,6137519104.0,171.36,88129033.0,501,1.0831,1.0987,1.0919,0.4166,0.1736,0.312,0.3418,0,-0.1542,69.7,75.5,44.6,38.0,False,,False,True,False,False,True,True,True,False,67.3,199,False
2026-10-02,HAYW,Hayward Holdings Inc.,Industrials,Small,3079976448.0,12.4,41686014.0,501,1.0632,1.0731,1.0676,0.4265,0.1819,0.2961,0.3261,1,-0.1056,68.5,77.0,38.2,49.0,False,,False,True,False,False,True,True,True,False,67.3,200,False
2026-10-02,MHK,Mohawk Industries Inc.,Consumer Cyclical,Small,8952950784.0,126.41,122006713.0,501,1.4109,1.4043,1.3837,0.4532,0.2054,0.3594,0.4016,2,0.0024,82.7,81.4,59.1,44.8,False,,False,True,True,False,True,True,True,False,67.2,201,False
2026-10-02,USB,US Bancorp,Financial Services,Large,96677093376.0,57.51,459257242.0,501,0.7607,0.7331,0.7348,0.4244,0.1801,0.2036,0.2239,0,0.3488,51.2,76.3,8.0,42.3,False,,False,True,False,False,True,True,True,False,67.1,202,False
2026-10-02,DOV,Dover Corp.,Industrials,Mid,27213486080.0,189.69,241036860.0,501,0.9398,0.8975,0.8969,0.4465,0.1994,0.234,0.2605,2,0.1468,61.8,79.9,16.3,52.9,False,,False,True,False,False,True,True,True,False,67.1,203,False
2026-10-02,KEY,KeyCorp,Financial Services,Mid,23359442944.0,20.08,255056699.0,501,0.8555,0.831,0.8315,0.4517,0.204,0.2136,0.2385,0,0.2262,57.9,80.9,10.8,21.3,False,,False,True,False,False,True,True,True,False,67.1,204,False
2026-10-02,FSLR,First Solar Inc.,Technology,Mid,22226903040.0,174.61,477535434.0,501,1.5825,1.8249,1.7576,0.4316,0.1863,0.4963,0.548,2,-0.0988,87.2,77.8,84.0,64.3,False,,False,True,True,False,False,True,True,False,67.0,205,False
2026-10-02,W,Wayfair Inc.,Consumer Cyclical,Mid,14244678656.0,101.25,286169359.0,501,2.0688,2.6513,2.4561,0.4784,0.2288,0.6334,0.7184,2,0.0941,95.1,85.3,92.0,41.4,False,,False,True,True,False,False,True,True,False,67.0,206,False
2026-10-02,NTRS,Northern Trust Corp.,Financial Services,Mid,34179776512.0,171.4,190476730.0,501,0.8929,0.9281,0.9272,0.4821,0.2324,0.2195,0.2495,1,0.4253,59.4,86.3,12.0,25.6,False,,False,True,False,False,True,True,True,False,66.9,207,False
2026-10-02,NU,NU Holdings Ltd./Cayman Islands Class A,Financial Services,Large,71300964352.0,13.43,1176605584.0,501,1.291,1.4769,1.4547,0.4812,0.2315,0.3501,0.3978,1,0.0138,79.4,86.0,55.5,22.1,False,,False,True,False,False,True,True,True,False,66.8,208,False
2026-10-02,BAC,Bank of America Corp.,Financial Services,Mega,431382659072.0,53.75,2011521844.0,501,0.7195,0.7296,0.7313,0.4275,0.1828,0.2008,0.2212,0,0.2551,48.0,77.2,7.3,44.8,False,,False,True,False,False,True,True,True,False,66.7,209,False
2026-10-02,PWR,Quanta Services Inc.,Industrials,Large,96120545280.0,676.56,654724911.0,501,1.3373,1.64,1.6055,0.4801,0.2305,0.3899,0.4428,2,0.4529,80.7,85.8,66.1,46.2,False,,False,True,True,False,True,True,True,False,66.7,210,False
2026-10-02,VFC,VF Corp.,Consumer Cyclical,Small,5460639232.0,14.33,109447483.0,501,1.6078,1.7462,1.6984,0.4651,0.2164,0.4325,0.4866,2,-0.1247,87.8,82.9,74.1,42.1,False,,False,True,True,False,False,True,True,False,66.7,211,False
2026-10-02,HWM,Howmet Aerospace Inc.,Industrials,Large,108346359808.0,231.27,693912411.0,501,1.0338,1.0689,1.063,0.4097,0.1679,0.3097,0.3381,1,0.3009,67.3,74.6,43.3,56.0,False,,False,True,False,False,True,True,True,False,66.6,212,False
2026-10-02,HEI,HEICO Corp.,Industrials,—,,302.45,158018166.0,501,0.9634,1.1704,1.1631,0.4732,0.2239,0.2836,0.3206,2,0.0104,63.6,84.6,34.0,55.3,False,,False,True,False,False,True,True,True,False,66.6,213,False
2026-10-02,FORM,FormFactor Inc.,Technology,Small,8444850688.0,149.15,146700158.0,501,2.1871,2.8172,2.5122,0.4263,0.1817,0.7779,0.8566,3,1.495,97.1,76.9,97.5,70.3,False,,False,True,True,False,False,True,True,False,66.6,214,False
2026-10-02,ALM,Almonty Industries Inc.,Basic Materials,Small,5261888512.0,13.4,98439541.0,501,2.0358,2.9932,2.5907,0.4074,0.166,0.8732,0.9523,0,1.9483,94.6,74.2,98.8,31.8,False,,False,True,True,False,False,True,True,False,66.6,215,False
2026-10-02,RCL,Royal Caribbean Cruises Ltd.,Consumer Cyclical,Large,78096007168.0,277.74,666634723.0,501,1.4887,1.5839,1.5447,0.4294,0.1844,0.4335,0.4781,1,-0.1478,85.1,77.6,74.2,39.8,False,,False,True,True,False,False,True,True,False,66.5,216,False
2026-10-02,AA,Alcoa Corp.,Basic Materials,Mid,13121577984.0,41.95,222260552.0,501,1.449,1.6646,1.6041,0.3866,0.1495,0.5167,0.5581,0,0.52,84.0,70.4,85.1,48.5,False,,False,True,True,False,False,True,True,False,66.5,217,False
2026-10-02,WTS,Watts Water Technologies Inc. Class A,Industrials,Mid,12623467520.0,363.07,71316446.0,501,0.8993,0.8964,0.8958,0.4293,0.1843,0.2454,0.2706,2,0.273,60.0,77.5,20.3,61.1,False,,False,True,False,False,True,True,True,False,66.5,218,False
2026-10-02,FLS,Flowserve Corp.,Industrials,Mid,10524939264.0,74.37,126958814.0,501,1.6358,1.7051,1.6556,0.4406,0.1941,0.4521,0.5016,2,0.4872,88.7,79.2,78.0,48.7,False,,False,True,True,False,False,True,True,False,66.5,219,False
2026-10-02,JEF,Jefferies Financial Group Inc.,Financial Services,Mid,10806216704.0,45.97,105562694.0,501,1.4084,1.689,1.656,0.5117,0.2618,0.3691,0.4279,1,-0.1416,82.5,91.0,61.1,10.4,False,,False,True,True,True,True,True,False,False,66.5,220,False
2026-10-02,CARR,Carrier Global Corp.,Industrials,Mid,49809907712.0,55.12,396607846.0,501,1.2862,1.2799,1.2675,0.4664,0.2175,0.3159,0.3557,2,-0.0167,79.2,83.3,45.8,31.4,False,,False,True,False,False,True,True,True,False,66.4,221,False
2026-10-02,R,Ryder System Inc.,Industrials,Small,9572912128.0,237.24,74502936.0,501,1.0631,1.1201,1.1131,0.4352,0.1894,0.3015,0.3336,1,0.3027,68.4,78.6,40.2,42.1,False,,False,True,False,False,True,True,True,False,66.4,222,False
2026-10-02,FBIN,Fortune Brands Home & Security Inc.,Industrials,Small,5524478464.0,38.56,106723459.0,501,1.4753,1.5492,1.5128,0.4263,0.1817,0.4278,0.471,1,-0.1714,84.6,76.8,72.8,40.2,False,,False,True,True,False,False,True,True,False,66.4,223,False
2026-10-02,YETI,YETI Holdings Inc.,Consumer Cyclical,Small,3049472000.0,40.87,72065969.0,501,1.1363,1.2499,1.2347,0.4056,0.1645,0.3665,0.3994,1,0.2249,71.9,73.8,60.6,62.6,False,,False,True,False,False,True,True,True,False,66.4,224,False
2026-10-02,BA,Boeing Co.,Industrials,Large,169297264640.0,193.56,1351615070.0,501,1.2184,1.2434,1.2329,0.4693,0.2202,0.3044,0.3434,1,-0.0294,76.0,83.9,41.5,15.5,False,,False,True,False,False,True,True,False,False,66.2,225,False
2026-10-02,BNY,Bank of New York Mellon Corp.,Financial Services,Large,107536121856.0,145.4,535542108.0,501,0.7449,0.7694,0.7704,0.462,0.2134,0.1922,0.2159,0,0.5445,49.6,82.6,5.4,26.9,False,,False,True,False,False,True,True,True,False,66.2,226,False
2026-10-02,FFIV,F5 Networks Inc.,Technology,Mid,21674055680.0,454.04,241799793.0,501,1.0739,1.0096,1.0046,0.3589,0.1288,0.3417,0.3647,1,0.1949,69.3,63.9,53.3,76.3,False,,False,True,False,False,True,True,True,False,66.2,227,False
2026-10-02,JPM,JPMorgan Chase & Co.,Financial Services,Mega,934565052416.0,332.38,2659294644.0,501,0.7783,0.7928,0.7937,0.458,0.2098,0.2003,0.2244,0,0.1684,53.0,81.9,7.1,19.5,False,2026-10-13,False,True,False,False,True,False,False,False,65.9,228,False
2026-10-02,IRM,Iron Mountain Inc.,Real Estate,Mid,36078604288.0,113.39,210173615.0,501,1.074,1.098,1.0919,0.4374,0.1913,0.2938,0.3254,2,0.1218,69.4,78.9,37.3,50.0,False,,False,True,False,False,True,True,True,False,65.9,229,False
2026-10-02,MTCH,Match Group Inc.,Communication Services,Small,9813522432.0,40.32,129579350.0,501,0.8623,0.9111,0.9098,0.3711,0.1377,0.2966,0.3182,1,0.2539,58.0,66.7,38.6,81.6,False,,False,True,False,False,True,True,True,False,65.9,230,False
2026-10-02,TREX,Trex Co. Inc.,Industrials,Small,4755067392.0,43.56,83687997.0,501,1.4787,1.4724,1.4356,0.3858,0.1488,0.4582,0.4947,1,-0.1581,84.7,70.1,79.1,53.7,False,,False,True,True,False,False,True,True,False,65.9,231,False
2026-10-02,NUE,Nucor Corp.,Basic Materials,Large,55502864384.0,240.39,339347923.0,501,0.9512,0.933,0.9312,0.378,0.1429,0.2974,0.3199,0,0.9678,62.8,68.0,38.9,50.8,False,,False,True,False,False,True,True,True,False,65.8,232,False
2026-10-02,QRVO,Qorvo Inc.,Technology,Small,8392965120.0,114.17,148728168.0,501,1.2732,1.2168,1.2032,0.4012,0.1609,0.3616,0.3931,2,0.1123,78.7,72.6,59.4,60.4,False,,False,True,False,False,True,True,True,False,65.8,233,False
2026-10-02,MTZ,MasTec Inc.,Industrials,Mid,19974248448.0,215.93,403475110.0,501,1.6363,1.7681,1.7103,0.4377,0.1916,0.4726,0.5236,1,0.0946,88.8,79.0,80.7,29.9,False,,False,True,True,False,False,True,True,False,65.7,234,False
2026-10-02,SGI,Tempur Sealy International Inc.,Consumer Cyclical,Mid,13217263616.0,61.97,204963640.0,501,1.3996,1.4294,1.407,0.4526,0.2048,0.3665,0.4094,2,-0.1777,82.2,81.2,60.5,37.9,False,,False,True,True,False,True,True,True,False,65.7,235,False
2026-10-02,AOS,AO Smith Corp.,Industrials,Small,8491567616.0,56.75,92516611.0,501,0.8263,0.7661,0.7679,0.3693,0.1364,0.2509,0.2689,0,-0.1713,55.9,66.1,22.2,52.8,False,,False,True,False,False,True,True,True,False,65.7,236,False
2026-10-02,SNA,Snap-on Inc.,Industrials,Mid,20409454592.0,368.9,124204592.0,501,0.639,0.5546,0.5577,0.3691,0.1363,0.1817,0.1947,0,0.1323,42.8,66.0,3.5,64.3,False,,False,True,False,False,True,True,True,False,65.6,237,False
2026-10-02,ARW,Arrow Electronics Inc.,Technology,Mid,10542513152.0,242.01,120515269.0,501,1.2629,1.4366,1.4184,0.4963,0.2463,0.327,0.3752,3,0.7103,78.1,89.1,49.7,39.1,False,,False,True,False,False,True,True,True,False,65.5,238,False
2026-10-02,FND,Floor & Decor Holdings Inc. Class A,Consumer Cyclical,Small,5783470080.0,45.49,128076556.0,501,1.4437,1.6285,1.5876,0.4421,0.1954,0.43,0.4775,1,-0.3455,83.8,79.4,73.4,32.2,False,,False,True,True,False,False,True,True,False,65.5,239,False
2026-10-02,FITB,Fifth Third Bancorp,Financial Services,Mid,49770860544.0,50.87,319031874.0,501,0.803,0.8316,0.8321,0.4075,0.1661,0.2425,0.2645,0,0.257,54.4,74.3,19.2,38.0,False,,False,True,False,False,True,True,True,False,65.4,240,False
2026-10-02,ELAN,Elanco Animal Health Inc.,Healthcare,Mid,12526194688.0,22.14,146701039.0,501,1.1494,1.3025,1.2835,0.4038,0.163,0.3841,0.4181,1,0.1865,73.1,73.1,64.4,57.7,False,,False,True,False,False,True,True,True,False,65.4,241,False
2026-10-02,META,Facebook Inc. Class A,Communication Services,Mega,1400873680896.0,728.08,12369618929.0,501,1.4335,1.4548,1.4305,0.4519,0.2043,0.3737,0.4172,4,-0.1714,83.5,81.0,62.2,68.0,False,,False,True,True,False,True,False,True,False,65.3,242,False
2026-10-02,PNFP,Pinnacle Financial Partners Inc.,Financial Services,Mid,15350022144.0,96.09,110154599.0,501,0.8638,0.8472,0.8475,0.3963,0.157,0.2554,0.2771,0,0.0917,58.1,71.9,23.9,36.7,False,,False,True,False,False,True,True,True,False,65.2,243,False
2026-10-02,AXP,American Express Co.,Financial Services,Mega,226904096768.0,302.78,959133797.0,501,0.9641,0.9658,0.9641,0.4692,0.2201,0.2366,0.2668,3,0.0151,63.9,83.8,17.3,45.6,False,,False,True,False,False,True,True,True,False,65.1,244,False
2026-10-02,FTAI,FTAI Aviation Ltd.,Industrials,Mid,20589690880.0,167.03,293662564.0,501,1.8673,2.36,2.2301,0.4824,0.2327,0.5577,0.6342,2,0.0805,92.4,86.4,88.1,29.4,False,,False,True,True,False,False,True,True,False,65.1,245,False
2026-10-02,CRCL,Circle Internet Group Inc. Class A,Financial Services,Mid,24508938240.0,81.25,1097767838.0,334,2.1183,2.9945,2.5732,0.3982,0.1585,0.8978,0.9748,1,-0.313,96.2,72.0,99.3,39.1,False,,False,True,True,False,False,True,True,False,65.1,246,False
2026-10-02,AAON,AAON Inc.,Industrials,Small,6578151424.0,83.27,102855337.0,501,1.7542,2.009,1.913,0.4312,0.186,0.547,0.6038,1,-0.2197,89.9,77.7,87.0,31.7,False,,False,True,True,False,False,True,True,False,65.1,247,False
2026-10-02,CSL,Carlisle Cos. Inc.,Industrials,Mid,14524252160.0,329.34,190778235.0,501,1.2153,1.1949,1.184,0.4226,0.1786,0.3335,0.3665,2,0.0449,75.8,76.1,51.1,47.2,False,,False,True,False,False,True,True,True,False,65.0,248,False
2026-10-02,NLY,Annaly Capital Management Inc.,Real Estate,Mid,17229912064.0,18.5,179762212.0,501,0.6847,0.6407,0.6429,0.4204,0.1768,0.1799,0.1975,0,0.2133,45.2,75.9,3.4,37.5,False,,False,True,False,False,True,True,True,False,64.9,249,False
2026-10-02,RPM,RPM International Inc.,Basic Materials,Mid,13664183296.0,99.19,124910722.0,501,0.9689,0.9168,0.9156,0.4043,0.1635,0.2699,0.2939,1,-0.1013,64.1,73.4,29.6,40.4,False,2026-10-06,False,True,False,False,True,False,True,False,64.9,250,False
2026-10-02,GXO,GXO Logistics Inc.,Industrials,Small,5504859648.0,46.56,69176193.0,501,1.3664,1.5297,1.5054,0.4923,0.2424,0.352,0.4027,2,-0.1284,81.2,88.4,56.7,19.1,False,,False,True,True,False,True,True,False,False,64.9,251,False
2026-10-02,FDX,FedEx Corp.,Industrials,Large,79059755008.0,290.36,491406768.0,501,0.9358,0.9028,0.902,0.4061,0.165,0.2643,0.2881,1,0.6612,61.7,73.9,28.0,43.2,False,,False,True,False,False,True,True,True,False,64.8,252,False
2026-10-02,SAIA,Saia Inc.,Industrials,Small,9307265024.0,351.12,160583390.0,501,1.2967,1.4052,1.3754,0.3866,0.1495,0.4362,0.4711,1,0.1298,79.7,70.5,74.5,52.1,False,,False,True,False,False,False,True,True,False,64.7,253,False
2026-10-02,MIDD,Middleby Corp.,Industrials,Small,5220467712.0,104.57,72168153.0,501,1.088,1.0904,1.0836,0.4077,0.1663,0.3178,0.3466,2,0.0432,69.9,74.4,46.9,57.7,False,,False,True,False,False,True,True,True,False,64.7,254,False
2026-10-02,KRMN,Karman Holdings Inc.,Industrials,Small,6411981312.0,34.14,152645658.0,411,1.7809,2.3285,2.1544,0.415,0.1722,0.6643,0.7272,0,-0.4498,90.7,75.3,94.1,21.6,False,,False,True,True,False,False,True,True,False,64.7,255,False
2026-10-02,SMCI,Super Micro Computer Inc.,Technology,Mid,24186580992.0,43.69,1563604329.0,501,2.4216,3.7515,3.294,0.5282,0.279,0.7848,0.9206,3,-0.2938,99.5,92.3,97.6,25.4,False,,False,True,True,True,False,True,True,False,64.6,256,False
2026-10-02,DOCN,DigitalOcean Holdings Inc.,Technology,Mid,13520472064.0,140.07,370333981.0,501,1.9837,2.4934,2.2284,0.3771,0.1422,0.7969,0.857,1,1.9236,93.9,67.9,98.0,46.5,False,,False,True,True,False,False,True,True,False,64.6,257,False
2026-10-02,APP,AppLovin Corp. Class A,Communication Services,Large,102720225280.0,268.22,2108359971.0,501,1.6265,2.0962,1.942,0.3705,0.1373,0.6838,0.7333,1,-0.5469,88.5,66.5,95.4,57.8,False,,False,True,True,False,False,True,True,False,64.5,258,False
2026-10-02,AAOI,Applied Optoelectronics Inc.,Technology,Small,9658939392.0,115.59,1075144967.0,501,2.2164,4.2456,3.0401,0.3797,0.1441,1.3462,1.4494,1,2.6288,97.7,68.4,99.9,36.6,False,,False,True,True,False,False,True,True,False,64.3,259,False
2026-10-02,DCI,Donaldson Co. Inc.,Industrials,Mid,10617452544.0,88.65,61720441.0,501,0.845,0.8588,0.8588,0.4323,0.1869,0.2331,0.2575,2,0.1097,57.4,78.1,16.1,47.4,False,,False,True,False,False,True,True,True,False,64.3,260,False
2026-10-02,CRWD,Crowdstrike Holdings Inc. Class A,Technology,Large,195454861312.0,270.04,2097487626.0,501,1.4788,1.4913,1.4443,0.3532,0.1248,0.514,0.5472,2,0.6275,84.9,63.2,84.9,76.0,False,,False,True,True,False,False,True,True,False,64.2,261,False
2026-10-02,VST,Vistra Energy Corp.,Utilities,Mid,45532270592.0,140.02,671831248.0,501,1.3052,1.4387,1.4057,0.387,0.1497,0.4461,0.4819,0,-0.2851,80.1,70.6,76.6,33.5,False,,False,True,True,False,False,True,True,False,64.2,262,False
2026-10-02,FNB,FNB Corp./PA,Financial Services,Small,6571094016.0,17.45,88551647.0,501,0.8005,0.8414,0.8417,0.4472,0.2,0.219,0.2439,1,0.1731,54.3,80.1,11.7,29.8,False,,False,True,False,False,True,True,True,False,64.2,263,False
2026-10-02,RVTY,PerkinElmer Inc.,Healthcare,Mid,14098941952.0,151.53,223511903.0,501,1.0014,1.1579,1.1467,0.3873,0.15,0.3587,0.3875,1,0.4309,65.9,70.8,58.7,64.3,False,,False,True,False,False,True,True,True,False,64.1,264,False
2026-10-02,HLT,Hilton Worldwide Holdings Inc.,Consumer Cyclical,Large,74287177728.0,319.36,602037994.0,501,0.6365,0.5873,0.5914,0.3234,0.1046,0.2236,0.2354,0,0.2157,42.5,58.1,13.5,77.7,False,,False,True,False,False,True,True,True,False,64.0,265,False
2026-10-02,AIT,Applied Industrial Technologies Inc.,Industrials,Mid,12567156736.0,343.45,94549295.0,501,0.8926,0.7781,0.7795,0.392,0.1536,0.2377,0.2573,2,0.2466,59.3,71.4,17.6,53.7,False,,False,True,False,False,True,True,True,False,64.0,266,False
2026-10-02,CACC,Credit Acceptance Corp.,Financial Services,Small,6162327552.0,527.5,73343812.0,501,0.9701,1.2636,1.2498,0.4342,0.1885,0.3411,0.3772,2,0.2681,64.3,78.4,53.1,65.4,False,,False,True,False,False,True,True,True,False,64.0,267,False
2026-10-02,EWBC,East West Bancorp Inc.,Financial Services,Mid,17870454784.0,126.21,100330491.0,501,0.829,0.8346,0.835,0.4407,0.1942,0.2212,0.2454,2,0.2515,56.2,79.3,12.8,42.5,False,,False,True,False,False,True,True,True,False,63.9,268,False
2026-10-02,EMN,Eastman Chemical Co.,Basic Materials,Small,8337840640.0,64.87,77414028.0,501,0.9923,0.9094,0.9081,0.3617,0.1308,0.305,0.3259,0,0.2075,65.7,64.8,41.7,39.1,False,,False,True,False,False,True,True,True,False,63.8,269,False
2026-10-02,TEM,Tempus AI Inc. Class A,Healthcare,Mid,12356172800.0,76.63,410842247.0,501,1.9318,2.4751,2.2864,0.4393,0.193,0.6586,0.7303,1,-0.2961,93.3,79.1,93.9,19.9,False,,False,True,True,False,False,True,False,False,63.8,270,False
2026-10-02,ECHO,EchoStar Corp. Class A,Communication Services,Mid,24868911104.0,94.25,356388751.0,501,1.4297,1.4805,1.4385,0.3669,0.1346,0.4884,0.523,0,0.0904,83.4,65.7,83.1,36.2,False,,False,True,True,False,False,True,True,False,63.6,271,False
2026-10-02,VNT,Vontier Corp.,Technology,Small,4554887680.0,31.66,45934375.0,501,1.0039,1.0279,1.024,0.4283,0.1834,0.2822,0.3111,2,-0.2209,66.2,77.3,33.7,41.2,False,,False,True,False,False,True,True,True,False,63.6,272,False
2026-10-02,RJF,Raymond James Financial Inc.,Financial Services,Mid,33607516160.0,158.21,203265379.0,501,0.7712,0.7495,0.7513,0.39,0.1521,0.2303,0.2491,1,0.0719,52.2,71.0,15.6,48.1,False,,False,True,False,False,True,True,True,False,63.4,273,False
2026-10-02,ENPH,Enphase Energy Inc.,Technology,Small,5076336640.0,33.47,167098564.0,501,1.8102,2.5084,2.2632,0.3959,0.1568,0.7571,0.8212,1,-0.0403,91.5,71.8,96.9,36.1,False,,False,True,True,False,False,True,True,False,63.4,274,False
2026-10-02,XYL,Xylem Inc./NY,Industrials,Mid,26339647488.0,101.79,243370229.0,501,0.7749,0.7732,0.7746,0.4004,0.1603,0.2303,0.2503,1,-0.2681,52.6,72.4,15.7,44.4,False,,False,True,False,False,True,True,True,False,63.3,275,False
2026-10-02,SW,Smurfit Westrock plc,Consumer Cyclical,Mid,25927168000.0,42.54,217935317.0,501,1.3827,1.4945,1.4647,0.435,0.1892,0.4026,0.4453,2,0.0948,81.5,78.5,68.6,36.2,False,,False,True,True,False,False,True,True,False,63.3,276,False
2026-10-02,FIGR,Figure Technology Solutions Inc. Class A,Financial Services,Small,8319931904.0,28.53,135113975.0,267,2.0213,2.8315,2.4508,0.3841,0.1475,0.8857,0.9555,1,-0.1224,94.3,69.6,99.1,35.1,False,,False,True,True,False,False,True,True,False,63.3,277,False
2026-10-02,STLD,Steel Dynamics Inc.,Basic Materials,Mid,32860833792.0,231.99,268533102.0,501,1.0564,1.1114,1.1031,0.3958,0.1566,0.3356,0.364,1,0.7709,68.1,71.7,51.8,44.9,False,,False,True,False,False,True,True,True,False,63.2,278,False
2026-10-02,EQH,Equitable Holdings Inc.,Financial Services,Mid,13602829312.0,52.64,144309349.0,501,1.1079,1.1635,1.1556,0.4547,0.2068,0.2965,0.3316,2,0.0735,70.7,81.6,38.5,25.2,False,,False,True,False,False,True,True,True,False,63.1,279,False
2026-10-02,RAL,Ralliant Corp.,Technology,Small,7072109056.0,73.2,100151942.0,321,1.2722,1.525,1.4836,0.391,0.1528,0.4672,0.5056,2,0.4002,78.6,71.3,79.7,64.6,False,,False,True,False,False,False,True,True,False,63.1,280,False
2026-10-02,DLR,Digital Realty Trust Inc.,Real Estate,Large,71027007488.0,178.55,430853169.0,501,0.8283,0.7955,0.7968,0.3803,0.1446,0.2518,0.2711,2,0.095,56.1,68.9,22.5,63.3,False,,False,True,False,False,True,True,True,False,63.0,281,False
2026-10-02,NTAP,NetApp Inc.,Technology,Mid,36609597440.0,226.27,482805174.0,501,1.1845,1.3183,1.2957,0.3828,0.1466,0.414,0.4463,2,0.5522,74.4,69.4,70.5,67.7,False,,False,True,False,False,False,True,True,False,63.0,282,False
2026-10-02,WSO,Watsco Inc.,Industrials,Mid,12969277440.0,297.47,159030675.0,501,0.9495,1.1255,1.1177,0.4191,0.1756,0.3173,0.3481,1,-0.2099,62.7,75.7,46.3,44.1,False,,False,True,False,False,True,True,True,False,63.0,283,False
2026-10-02,BWA,BorgWarner Inc.,Consumer Cyclical,Mid,13175177216.0,60.52,142591409.0,501,1.1469,1.204,1.1891,0.3765,0.1418,0.3855,0.4144,1,0.4903,73.0,67.6,65.2,52.1,False,,False,True,False,False,True,True,True,False,63.0,284,False
2026-10-02,DELL,Dell Technologies Inc.,Technology,Mega,285646618624.0,562.52,3718128404.0,501,1.9371,2.2397,2.0623,0.3864,0.1493,0.6957,0.7513,2,2.3303,93.4,70.3,95.9,46.6,False,,False,True,True,False,False,True,True,False,62.9,285,False
2026-10-02,SHW,Sherwin-Williams Co.,Basic Materials,Large,84171530240.0,319.51,612438521.0,501,0.8339,0.8164,0.8173,0.3857,0.1488,0.2541,0.2744,1,-0.02,56.5,70.0,23.4,44.0,False,,False,True,False,False,True,True,True,False,62.9,286,False
2026-10-02,HBAN,Huntington Bancshares Inc./OH,Financial Services,Mid,34427871232.0,15.33,437326202.0,501,0.9308,0.8372,0.8377,0.4014,0.1611,0.2486,0.2704,1,0.0186,61.6,72.7,21.4,25.4,False,,False,True,False,False,True,True,True,False,62.8,287,False
2026-10-02,PHM,PulteGroup Inc.,Consumer Cyclical,Mid,24927043584.0,115.73,200557691.0,501,0.9227,0.9263,0.9245,0.3651,0.1333,0.3074,0.3289,0,-0.0741,61.3,65.3,42.6,42.8,False,,False,True,False,False,True,True,True,False,62.8,288,False
2026-10-02,PL,Planet Labs PBC,Industrials,Small,7541477376.0,17.5,173956195.0,501,1.8842,2.5539,2.2344,0.3557,0.1265,0.8732,0.9306,2,0.4517,92.9,63.5,98.9,61.9,False,,False,True,True,False,False,True,True,False,62.8,289,False
2026-10-02,KTOS,Kratos Defense & Security Solutions Inc.,Industrials,Small,9936090112.0,43.07,191834357.0,501,1.5978,2.1247,1.9771,0.3872,0.1499,0.6583,0.7112,0,-0.486,87.5,70.7,93.8,23.1,False,,False,True,True,False,False,True,True,False,62.7,290,False
2026-10-02,DASH,DoorDash Inc. Class A,Consumer Cyclical,Large,99250700288.0,189.15,833883486.0,501,1.1805,1.4155,1.3835,0.3798,0.1443,0.4486,0.483,1,-0.1547,74.1,68.8,77.4,57.0,False,,False,True,False,False,False,True,True,False,62.6,291,False
2026-10-02,RF,Regions Financial Corp.,Financial Services,Mid,26094600192.0,27.1,267121536.0,501,0.7599,0.7625,0.764,0.407,0.1656,0.2227,0.2428,0,0.1881,51.1,74.1,13.3,21.3,False,,False,True,False,False,True,True,True,False,62.6,292,False
2026-10-02,ZBRA,Zebra Technologies Corp.,Technology,Mid,17024267264.0,375.86,222704927.0,501,1.5142,1.7543,1.7044,0.4603,0.2119,0.4403,0.494,4,0.2033,85.9,82.3,75.5,55.5,False,,False,True,True,False,False,False,True,False,62.6,293,False
2026-10-02,RGEN,Repligen Corp.,Healthcare,Mid,10175342592.0,181.7,181993219.0,501,1.1084,1.1456,1.1309,0.332,0.1102,0.4236,0.4473,0,0.1861,70.8,59.3,72.3,57.7,False,,False,True,False,False,False,True,True,False,62.4,294,False
2026-10-02,MSFT,Microsoft Corp.,Technology,Mega,3588320657408.0,517.53,13003939694.0,501,0.9267,0.962,0.9593,0.382,0.1459,0.3029,0.3264,2,-0.0362,61.5,69.3,40.7,63.8,False,,False,True,False,False,True,True,True,False,62.3,295,False
2026-10-02,ALB,Albemarle Corp.,Basic Materials,Mid,15872859136.0,104.59,279547038.0,501,1.2942,1.4837,1.4326,0.3358,0.1128,0.5416,0.5727,1,0.6439,79.6,60.1,86.8,66.1,False,,False,True,False,False,False,True,True,False,62.3,296,False
2026-10-02,BXP,Boston Properties Inc.,Real Estate,Mid,12715683840.0,60.45,89837798.0,501,0.7566,0.7283,0.7309,0.3476,0.1208,0.2557,0.2716,0,-0.0902,50.8,62.4,24.2,50.4,False,,False,True,False,False,True,True,True,False,62.3,297,False
2026-10-02,SWKS,Skyworks Solutions Inc.,Technology,Mid,10024497152.0,85.03,452644948.0,501,1.4739,1.4931,1.452,0.377,0.1421,0.4774,0.5133,2,-0.0307,84.5,67.8,81.6,52.6,False,,False,True,True,False,False,True,True,False,62.2,298,False
2026-10-02,MP,MP Materials Corp.,Basic Materials,Mid,10563205120.0,46.97,297341940.0,501,1.8175,2.3376,2.1519,0.405,0.164,0.6867,0.7481,1,-0.1912,91.6,73.6,95.6,23.9,False,,False,True,True,False,False,True,True,False,62.2,299,False
2026-10-02,HXL,Hexcel Corp.,Industrials,Small,7156247552.0,86.41,90457517.0,501,0.9028,0.9279,0.9261,0.3695,0.1366,0.3036,0.3255,1,0.4456,60.2,66.3,41.1,54.7,False,,False,True,False,False,True,True,True,False,62.2,300,False
2026-10-02,DY,Dycom Industries Inc.,Industrials,—,,273.75,198501643.0,501,1.3303,1.6516,1.5984,0.4042,0.1634,0.4864,0.5296,1,0.0182,80.5,73.3,82.6,36.6,False,,False,True,True,False,False,True,True,False,62.1,301,False
2026-10-02,VIAV,Viavi Solutions Inc.,Technology,Small,9568957440.0,47.1,196788523.0,501,1.6172,2.1026,1.9352,0.3575,0.1278,0.7148,0.7624,2,1.6974,88.2,63.7,96.4,64.9,False,,False,True,True,False,False,True,True,False,62.1,302,False
2026-10-02,AAPL,Apple Inc.,Technology,Mega,4514709504000.0,333.69,14774550236.0,501,0.7748,0.6871,0.6899,0.3621,0.1311,0.2302,0.246,2,0.2768,52.5,64.9,15.5,64.5,False,,False,True,False,False,True,True,True,False,62.0,303,False
2026-10-02,FPS,Forgent Power Solutions Inc. Class A,Industrials,Small,9805654016.0,40.35,316221365.0,166,2.2491,3.2689,2.839,0.5296,0.2805,0.7053,0.8264,0,,98.1,92.7,96.0,26.2,False,,True,True,True,True,False,False,True,False,62.0,304,False
2026-10-02,GNTX,Gentex Corp.,Consumer Cyclical,Small,5029011456.0,22.08,55491451.0,501,0.7482,0.7483,0.7504,0.3667,0.1344,0.2471,0.2645,1,-0.1652,50.0,65.6,20.7,58.0,False,,False,True,False,False,True,True,True,False,62.0,305,False
2026-10-02,XPO,XPO Logistics Inc.,Industrials,Mid,22472404992.0,186.09,192685522.0,501,1.1945,1.2418,1.2243,0.3758,0.1412,0.3985,0.4283,1,0.4652,74.9,67.4,67.8,43.4,False,,False,True,False,False,False,True,True,False,61.9,306,False
2026-10-02,IEX,IDEX Corp.,Industrials,Mid,17316067328.0,232.99,145658446.0,501,0.7086,0.6518,0.6544,0.3831,0.1467,0.2045,0.2205,2,0.3891,47.1,69.5,8.2,61.8,False,,False,True,False,False,True,True,True,False,61.9,307,False
2026-10-02,AMG,Affiliated Managers Group Inc.,Financial Services,Small,9583431680.0,371.43,98442186.0,501,1.0672,1.0147,1.0105,0.3987,0.1589,0.3037,0.3299,3,0.5433,68.6,72.2,41.2,56.6,False,,False,True,False,False,True,True,True,False,61.9,308,False
2026-10-02,ZION,Zions Bancorp NA,Financial Services,Small,9971533824.0,63.17,104447197.0,501,0.8354,0.9205,0.9192,0.3992,0.1594,0.2751,0.2988,1,0.2411,56.6,72.3,31.4,40.9,False,,False,True,False,False,True,True,True,False,61.8,309,False
2026-10-02,NCLH,Norwegian Cruise Line Holdings Ltd.,Consumer Cyclical,Small,7847520256.0,15.14,276286590.0,501,1.7052,1.9601,1.8882,0.4701,0.221,0.4788,0.5404,3,-0.3563,89.2,84.1,82.0,28.8,False,,False,True,True,False,False,True,True,False,61.8,310,False
2026-10-02,M,Macy's Inc.,Consumer Cyclical,Small,6002526208.0,22.73,128515464.0,501,1.0905,1.1215,1.1102,0.3543,0.1255,0.3852,0.4103,0,0.2817,70.1,63.3,65.1,40.9,False,,False,True,False,False,True,True,True,False,61.7,311,False
2026-10-02,NET,Cloudflare Inc. Class A,Technology,Large,104381210624.0,349.07,1028538424.0,501,1.5066,1.566,1.4935,0.3154,0.0995,0.613,0.6434,1,0.2565,85.3,56.7,91.1,58.5,False,,False,True,True,False,False,True,True,False,61.6,312,False
2026-10-02,ODFL,Old Dominion Freight Line Inc.,Industrials,Mid,41778212864.0,180.48,347698700.0,501,0.9448,1.0051,0.9997,0.3434,0.1179,0.3577,0.3794,1,0.3558,62.4,61.3,58.5,71.2,False,,False,True,False,False,True,True,True,False,61.6,313,False
2026-10-02,WAL,Western Alliance Bancorp,Financial Services,Small,8684428288.0,76.38,83763579.0,501,1.1883,1.2928,1.2799,0.4681,0.2191,0.3176,0.358,2,-0.061,74.7,83.6,46.8,10.6,False,,False,True,False,False,True,True,False,False,61.6,314,False
2026-10-02,NVST,Envista Holdings Corp.,Healthcare,Small,4465172480.0,23.46,74654742.0,501,0.9806,1.1978,1.1859,0.4105,0.1685,0.3462,0.3782,2,0.3453,65.0,74.7,54.7,55.9,False,,False,True,False,False,True,True,True,False,61.6,315,False
2026-10-02,UI,Ubiquiti Inc.,Technology,Mid,36123336704.0,620.52,74729024.0,501,1.4362,1.6578,1.6039,0.4045,0.1636,0.4878,0.5313,3,-0.1078,83.6,73.5,83.0,59.6,False,,False,True,True,False,False,True,True,False,61.6,316,False
2026-10-02,IPGP,IPG Photonics Corp.,Technology,Small,3156488192.0,84.05,39315495.0,501,1.9949,2.0438,1.8999,0.3671,0.1347,0.674,0.7217,2,-0.0382,94.1,65.8,94.9,42.4,False,,False,True,True,False,False,True,True,False,61.5,317,False
2026-10-02,CSCO,Cisco Systems Inc.,Technology,Mega,437656911872.0,112.2,2195371968.0,501,1.0135,1.0532,1.0474,0.3952,0.1562,0.3186,0.3454,3,0.6251,66.6,71.6,47.1,65.0,False,,False,True,False,False,True,True,True,False,61.4,318,False
2026-10-02,LYFT,Lyft Inc. Class A,Technology,Small,6582814720.0,15.46,170359652.0,501,1.2652,1.4256,1.3946,0.3908,0.1528,0.4369,0.4728,1,-0.2049,78.2,71.2,74.9,33.4,False,,False,True,False,False,False,True,True,False,61.4,319,False
2026-10-02,LPX,Louisiana-Pacific Corp.,Industrials,Small,4979944960.0,65.1,82299808.0,501,1.1348,1.1449,1.1327,0.3609,0.1303,0.385,0.4111,0,-0.2306,71.7,64.5,64.8,32.9,False,,False,True,False,False,True,True,True,False,61.4,320,False
2026-10-02,ELF,elf Beauty Inc.,Consumer Defensive,Small,6312085504.0,104.68,181495769.0,501,1.4015,1.7362,1.6433,0.3405,0.1159,0.6239,0.661,1,-0.2059,82.3,60.8,91.5,57.8,False,,False,True,True,False,False,True,True,False,61.4,321,False
2026-10-02,BOKF,BOK Financial Corp.,Financial Services,Small,8407704064.0,128.36,34980696.0,501,0.5906,0.6456,0.6483,0.3805,0.1448,0.2042,0.2199,0,0.2469,38.8,69.0,8.1,44.6,False,,False,True,False,False,True,True,True,False,61.3,322,False
2026-10-02,HD,Home Depot Inc.,Consumer Cyclical,—,,282.85,1340523370.0,501,0.7594,0.7047,0.7075,0.3579,0.1281,0.2392,0.2552,0,-0.1811,51.0,63.8,17.8,34.0,False,,False,True,False,False,True,True,True,False,61.2,323,False
2026-10-02,MTB,M&T Bank Corp.,Financial Services,Mid,35043348480.0,219.14,252831573.0,501,0.6619,0.6259,0.6288,0.3724,0.1387,0.203,0.2178,0,0.2403,43.9,66.9,7.8,35.0,False,,False,True,False,False,True,True,True,False,61.2,324,False
2026-10-02,CRL,Charles River Laboratories International Inc.,Healthcare,Mid,14214296576.0,290.19,244655123.0,501,1.1154,1.227,1.2086,0.3571,0.1275,0.4176,0.4453,1,0.7114,71.1,63.6,71.3,56.7,False,,False,True,False,False,False,True,True,False,61.1,325,False
2026-10-02,VMC,Vulcan Materials Co.,Basic Materials,Mid,35755958272.0,243.06,288470425.0,501,0.8057,0.8053,0.8064,0.3707,0.1374,0.2625,0.2815,1,-0.1185,54.8,66.6,27.2,45.2,False,,False,True,False,False,True,True,True,False,61.0,326,False
2026-10-02,H,Hyatt Hotels Corp. Class A,Consumer Cyclical,Mid,16733618176.0,158.9,136041388.0,501,0.8876,0.9337,0.9316,0.3589,0.1288,0.316,0.3372,0,0.1495,59.0,64.0,45.9,41.3,False,,False,True,False,False,True,True,True,False,61.0,327,False
2026-10-02,AVAV,AeroVironment Inc.,Industrials,Small,7464825856.0,140.82,254700384.0,501,1.5615,2.0055,1.8541,0.3464,0.12,0.7068,0.7504,0,-0.5799,87.0,62.0,96.1,29.9,False,,False,True,True,False,False,True,True,False,61.0,328,False
2026-10-02,MLM,Martin Marietta Materials Inc.,Basic Materials,Mid,37763846144.0,482.27,362039645.0,501,0.844,0.8386,0.8391,0.385,0.1482,0.2616,0.2823,1,-0.1614,57.2,69.9,26.7,32.9,False,,False,True,False,False,True,True,True,False,60.9,329,False
2026-10-02,MSA,MSA Safety Inc.,Industrials,Small,7349935616.0,181.23,47623218.0,501,0.7017,0.7732,0.7747,0.394,0.1552,0.2347,0.2544,2,0.1062,46.7,71.5,16.6,60.9,False,,False,True,False,False,True,True,True,False,60.9,330,False
2026-10-02,GPN,Global Payments Inc.,Industrials,Mid,24598925312.0,78.38,243191170.0,501,0.9916,1.0805,1.0713,0.347,0.1204,0.38,0.4036,1,0.1015,65.5,62.2,63.7,62.4,False,,False,True,False,False,True,True,True,False,60.8,331,False
2026-10-02,AWI,Armstrong World Industries Inc.,Industrials,Small,7513484800.0,163.12,72512014.0,501,0.8525,0.7832,0.7847,0.375,0.1406,0.2519,0.2707,2,-0.1306,57.7,67.1,22.6,47.8,False,,False,True,False,False,True,True,True,False,60.8,332,False
2026-10-02,MRP,Millrose Properties Inc.,Real Estate,Small,5092689920.0,24.61,42518232.0,417,0.7354,0.785,0.7866,0.3655,0.1336,0.2602,0.2784,1,0.0167,49.1,65.4,26.1,57.6,False,,False,True,False,False,True,True,True,False,60.8,333,False
2026-10-02,WWD,Woodward Inc.,Industrials,Mid,20055502848.0,331.62,237486823.0,501,1.1778,1.2312,1.2177,0.4142,0.1715,0.3521,0.3853,3,0.3261,73.9,75.2,56.9,47.1,False,,False,True,False,False,True,True,True,False,60.7,334,False
2026-10-02,GGG,Graco Inc.,Industrials,Mid,12891524096.0,78.0,140598364.0,501,0.5828,0.5372,0.5408,0.3453,0.1192,0.19,0.2017,1,-0.0683,38.3,61.9,4.7,67.0,False,,False,True,False,False,True,True,True,False,60.7,335,False
2026-10-02,GM,General Motors Co.,Consumer Cyclical,Large,79528419328.0,78.27,560497180.0,501,1.0455,1.1063,1.0986,0.4031,0.1625,0.3268,0.3557,2,0.3927,67.5,73.0,49.6,40.9,False,,False,True,False,False,True,True,True,False,60.6,336,False
2026-10-02,MWH,Solv Energy Inc. Class A,Utilities,Small,5735639552.0,25.25,49924224.0,161,1.7627,2.0486,1.8976,0.4366,0.1906,0.5619,0.6206,0,,90.0,78.8,88.3,50.3,False,,True,True,True,False,False,False,True,False,60.5,337,False
2026-10-02,PRU,Prudential Financial Inc.,Financial Services,Mid,42321149952.0,112.6,202436975.0,501,0.6999,0.6593,0.662,0.3798,0.1442,0.209,0.225,1,0.2252,46.6,68.6,9.9,39.8,False,,False,True,False,False,True,True,True,False,60.4,338,False
2026-10-02,BLDR,Builders FirstSource Inc.,Industrials,Small,7388648448.0,56.25,174242635.0,501,1.424,1.6341,1.5894,0.4284,0.1835,0.4485,0.4944,2,-0.5022,83.0,77.4,77.3,23.6,False,,False,True,True,False,False,True,True,False,60.3,339,False
2026-10-02,LNC,Lincoln National Corp.,Financial Services,Small,8293498368.0,40.3,85568474.0,501,1.0224,1.0593,1.0537,0.405,0.164,0.3112,0.339,2,0.1519,67.2,73.7,44.5,33.6,False,,False,True,False,False,True,True,True,False,60.3,340,False
2026-10-02,TDG,TransDigm Group Inc.,Industrials,Large,67068837888.0,1090.38,467599450.0,501,0.7703,0.7249,0.7276,0.3436,0.1181,0.2578,0.2734,1,-0.113,52.0,61.4,25.1,52.0,False,,False,True,False,False,True,True,True,False,60.1,341,False
2026-10-02,FTV,Fortive Corp.,Technology,Mid,18196527104.0,57.47,141935192.0,501,0.776,0.6208,0.6256,0.3003,0.0902,0.2566,0.268,1,0.1338,52.8,54.5,24.6,61.4,False,,False,True,False,False,True,True,True,False,60.1,342,False
2026-10-02,SANM,Sanmina Corp.,Technology,Mid,10646579200.0,229.04,138708073.0,501,1.9961,2.4837,2.2973,0.444,0.1971,0.6523,0.7251,4,0.6106,94.2,79.6,93.2,40.5,False,,False,True,True,False,False,False,True,False,60.0,343,False
2026-10-02,LINE,Lineage Inc.,Real Estate,Mid,10170333184.0,34.34,37337751.0,501,0.8918,1.0077,1.0025,0.3525,0.1243,0.3481,0.3705,0,0.0246,59.2,63.0,55.2,45.7,False,,False,True,False,False,True,True,True,False,60.0,344,False
2026-10-02,KRC,Kilroy Realty Corp.,Real Estate,Small,4325409280.0,33.63,46216542.0,501,0.6971,0.6605,0.6647,0.3115,0.0971,0.2622,0.2748,0,-0.0925,46.3,55.8,26.9,58.6,False,,False,True,False,False,True,True,True,False,59.9,345,False
2026-10-02,PANW,Palo Alto Networks Inc.,Technology,Mega,291664035840.0,403.24,2250699895.0,501,1.1459,1.1817,1.1629,0.3217,0.1035,0.4527,0.4762,2,0.5884,72.7,57.7,78.1,77.7,False,,False,True,False,False,False,True,True,False,59.8,346,False
2026-10-02,GRMN,Garmin Ltd.,Technology,Large,56169369600.0,281.16,252538760.0,501,1.0146,0.962,0.959,0.3655,0.1336,0.3188,0.3411,3,0.0954,66.7,65.5,47.2,64.2,False,,False,True,False,False,True,True,True,False,59.8,347,False
2026-10-02,PFG,Principal Financial Group Inc.,Financial Services,Mid,23891935232.0,111.96,156069447.0,501,0.6368,0.6144,0.6179,0.3486,0.1215,0.2149,0.2284,1,0.3762,42.6,62.5,11.0,56.3,False,,False,True,False,False,True,True,True,False,59.8,348,False
2026-10-02,FR,First Industrial Realty Trust Inc.,Real Estate,Small,8613012480.0,59.46,65684151.0,501,0.5166,0.4292,0.4334,0.2969,0.0882,0.1796,0.1874,0,0.2132,35.0,53.7,3.3,63.9,False,,False,True,False,False,True,True,True,False,59.8,349,False
2026-10-02,HST,Host Hotels & Resorts Inc.,Real Estate,Mid,15582714880.0,22.56,207280784.0,501,0.7226,0.7069,0.7093,0.372,0.1384,0.2295,0.2463,2,0.3874,48.3,66.8,15.4,56.2,False,,False,True,False,False,True,True,True,False,59.7,350,False
2026-10-02,SSB,SOUTHSTATE BANK Corp.,Financial Services,Mid,10314211328.0,101.91,80525421.0,501,0.6938,0.696,0.6984,0.3815,0.1455,0.2195,0.2365,0,0.1066,46.0,69.2,11.8,20.2,False,,False,True,False,False,True,True,True,False,59.7,351,False
2026-10-02,MSM,MSC Industrial Direct Co. Inc. Class A,Industrials,Small,6639007744.0,130.12,83320020.0,501,0.7221,0.6322,0.6368,0.3025,0.0915,0.2592,0.2709,0,0.3248,48.2,54.8,25.7,53.2,False,,False,True,False,False,True,True,True,False,59.7,352,False
2026-10-02,MET,MetLife Inc.,Financial Services,Large,61139234816.0,94.43,319724239.0,501,0.6645,0.6552,0.6582,0.3608,0.1302,0.2204,0.2353,0,0.2105,44.5,64.4,12.4,31.8,False,,False,True,False,False,True,True,True,False,59.6,353,False
2026-10-02,KNX,Knight-Swift Transportation Holdings Inc.,Industrials,Mid,11319680000.0,66.76,254435127.0,501,1.0035,1.0733,1.0646,0.347,0.1204,0.3775,0.4009,1,0.7477,66.1,62.1,62.9,52.2,False,,False,True,False,False,True,True,True,False,59.6,354,False
2026-10-02,WYNN,Wynn Resorts Ltd.,Consumer Cyclical,Mid,10005972992.0,75.88,164142687.0,501,0.8085,0.8362,0.837,0.3268,0.1068,0.3147,0.3316,0,-0.3003,55.1,58.8,45.5,49.3,False,,False,True,False,False,True,True,True,False,59.6,355,False
2026-10-02,CEG,Constellation Energy Corp.,Utilities,Large,96683401216.0,257.49,745746584.0,501,1.1509,1.3096,1.285,0.3638,0.1324,0.4363,0.4666,0,-0.1688,73.3,65.2,74.7,24.9,False,,False,True,False,False,False,True,True,False,59.5,356,False
2026-10-02,MTD,Mettler-Toledo International Inc.,Healthcare,Mid,28096266240.0,1486.19,254063012.0,501,0.9124,0.7848,0.7869,0.3193,0.1019,0.3031,0.3186,1,0.0604,60.8,57.2,40.8,50.5,False,,False,True,False,False,True,True,True,False,59.5,357,False
2026-10-02,RBRK,Rubrik Inc. Class A,Technology,Mid,19786299392.0,118.58,300378884.0,501,1.4478,1.5867,1.5098,0.3142,0.0987,0.6238,0.6545,2,0.0576,83.9,56.5,91.4,64.6,False,,False,True,True,False,False,True,True,False,59.5,358,False
2026-10-02,BKNG,Booking Holdings Inc.,Consumer Cyclical,Large,157504372736.0,159.02,1222306260.0,501,0.7907,0.8731,0.8727,0.2993,0.0896,0.3622,0.3781,0,-0.0611,53.9,54.1,59.6,72.8,False,,False,True,False,False,True,True,True,False,59.4,359,False
2026-10-02,MLI,Mueller Industries Inc.,Industrials,Mid,14173303808.0,62.56,93703677.0,501,0.8986,0.9055,0.9043,0.3594,0.1291,0.306,0.3266,2,0.252,59.8,64.1,42.1,58.3,False,,False,True,False,False,True,True,True,False,59.4,360,False
2026-10-02,ARWR,Arrowhead Pharmaceuticals Inc.,Healthcare,Mid,12588598272.0,64.19,148544250.0,501,1.5119,1.5983,1.5281,0.3336,0.1113,0.5878,0.621,2,1.4384,85.7,59.7,89.4,52.0,False,,False,True,True,False,False,True,True,False,59.3,361,False
2026-10-02,SEIC,SEI Investments Co.,Financial Services,Mid,13295725568.0,102.43,79414679.0,501,0.5963,0.5559,0.5604,0.3119,0.0973,0.2203,0.231,1,0.3136,39.5,56.0,12.3,71.9,False,,False,True,False,False,True,True,True,False,59.3,362,False
2026-10-02,CROX,Crocs Inc.,Consumer Cyclical,Small,5927929344.0,118.09,131472615.0,501,1.1973,0.9499,0.9452,0.276,0.0762,0.4305,0.4461,1,0.3622,75.2,50.3,73.7,60.0,False,,False,True,False,False,False,True,True,False,59.3,363,False
2026-10-02,A,Agilent Technologies Inc.,Healthcare,Mid,43333529600.0,167.78,341045174.0,501,0.8301,0.8445,0.845,0.3387,0.1147,0.3052,0.3231,1,0.099,56.4,60.5,41.9,54.3,False,,False,True,False,False,True,True,True,False,59.2,364,False
2026-10-02,DHI,DR Horton Inc.,Consumer Cyclical,Mid,41667100672.0,135.0,358892652.0,501,0.9179,0.9001,0.8989,0.3294,0.1085,0.3358,0.3542,0,-0.1651,61.1,59.1,51.9,38.9,False,,False,True,False,False,True,True,True,False,59.2,365,False
2026-10-02,PKG,Packaging Corp. of America,Consumer Cyclical,Mid,21966292992.0,228.54,147922824.0,501,0.7881,0.7457,0.7482,0.3443,0.1186,0.2646,0.2807,1,0.1074,53.7,61.6,28.2,45.1,False,,False,True,False,False,True,True,True,False,59.2,366,False
2026-10-02,FTNT,Fortinet Inc.,Technology,Large,112632381440.0,180.95,758871689.0,501,0.9143,0.9131,0.9107,0.2801,0.0784,0.4073,0.4226,1,0.8143,61.0,50.9,69.4,86.2,False,,False,True,False,False,False,True,True,False,59.1,367,False
2026-10-02,IDXX,IDEXX Laboratories Inc.,Healthcare,Mid,44135829504.0,518.39,306599277.0,501,0.7551,0.8616,0.8616,0.3511,0.1233,0.299,0.3181,1,-0.1308,50.7,62.8,39.3,60.4,False,,False,True,False,False,True,True,True,False,59.1,368,False
2026-10-02,FHB,First Hawaiian Inc.,Financial Services,Small,3158829056.0,25.26,60749933.0,501,0.6458,0.6853,0.6879,0.3757,0.1411,0.22,0.2364,0,0.0918,43.2,67.3,12.2,26.9,False,,False,True,False,False,True,True,True,False,59.1,369,False
2026-10-02,U,Unity Software Inc.,Technology,Mid,19531147264.0,43.61,407125518.0,501,1.7495,2.1376,1.9848,0.3847,0.148,0.6675,0.7203,4,0.0642,89.8,69.8,94.5,62.2,False,,False,True,True,False,False,False,True,False,59.0,370,False
2026-10-02,SUNB,Sunbelt Rentals Holdings Inc.,Industrials,Mid,31028930560.0,77.1,327269992.0,150,1.2804,1.4069,1.3628,0.4062,0.165,0.4295,0.4668,0,,79.0,74.0,73.3,57.3,False,,True,True,False,False,False,False,True,False,58.8,371,False
2026-10-02,BEPC,Brookfield Renewable Corp.,Utilities,Small,6134055424.0,28.52,57291206.0,501,0.866,0.9027,0.9015,0.3452,0.1192,0.3193,0.3389,1,-0.0871,58.4,61.8,47.4,50.3,False,,False,True,False,False,True,True,True,False,58.8,372,False
2026-10-02,TFC,Truist Financial Corp.,Financial Services,Large,62070829056.0,46.45,364373858.0,501,0.7516,0.722,0.7242,0.3843,0.1477,0.2257,0.2435,1,0.1628,50.4,69.7,14.2,21.1,False,,False,True,False,False,True,True,True,False,58.6,373,False
2026-10-02,EW,Edwards Lifesciences Corp.,Healthcare,Large,52109901824.0,85.15,338570474.0,501,0.5092,0.5554,0.5608,0.2857,0.0816,0.2424,0.2519,0,0.1901,34.7,51.9,19.1,75.9,False,,False,True,False,False,True,True,True,False,58.6,374,False
2026-10-02,BRKR,Bruker Corp.,Healthcare,Small,8693622784.0,63.24,128725970.0,501,1.3109,1.2821,1.2476,0.2947,0.0868,0.541,0.5639,1,0.7057,80.2,53.5,86.7,51.2,False,,False,True,True,False,False,True,True,False,58.6,375,False
2026-10-02,RITM,New Residential Investment Corp.,Real Estate,Small,5628743168.0,8.71,53560917.0,501,0.7589,0.7522,0.7539,0.4038,0.1631,0.2217,0.2414,2,-0.0362,50.9,73.2,12.9,29.2,False,,False,True,False,False,True,True,True,False,58.6,376,False
2026-10-02,MMM,3M Co.,Industrials,Large,92293693440.0,161.89,537307927.0,501,0.7524,0.7334,0.7358,0.3608,0.1302,0.2467,0.2635,2,0.1017,50.5,64.3,20.5,52.1,False,,False,True,False,False,True,True,True,False,58.5,377,False
2026-10-02,VOYA,Voya Financial Inc.,Financial Services,Small,9199154176.0,96.65,102542391.0,501,0.7478,0.6992,0.7021,0.35,0.1225,0.2435,0.2589,2,0.4124,49.9,62.7,19.6,54.8,False,,False,True,False,False,True,True,True,False,58.4,378,False
2026-10-02,LEA,Lear Corp.,Consumer Cyclical,Small,8283232256.0,120.85,82059133.0,501,0.9786,1.008,1.0036,0.3785,0.1432,0.3208,0.3452,2,0.3123,64.8,68.1,47.5,39.1,False,,False,True,False,False,True,True,True,False,58.4,379,False
2026-10-02,RS,Reliance Steel & Aluminum Co.,Basic Materials,Mid,19586994176.0,400.31,126636536.0,501,0.6049,0.6107,0.6148,0.3199,0.1024,0.2353,0.2474,0,0.4346,40.3,57.3,16.7,48.2,False,,False,True,False,False,True,True,True,False,58.2,380,False
2026-10-02,JLL,Jones Lang LaSalle Inc.,Real Estate,Mid,17762654208.0,306.81,125114125.0,501,0.9798,0.9576,0.9546,0.3548,0.1259,0.3284,0.3499,2,0.1769,64.9,63.4,49.8,47.5,False,,False,True,False,False,True,True,True,False,58.2,381,False
2026-10-02,APTV,Aptiv plc,Consumer Cyclical,Small,9607194624.0,43.54,195908346.0,501,1.2707,1.1631,1.1485,0.3472,0.1205,0.4089,0.4342,2,-0.483,78.5,62.3,69.7,37.0,False,,False,True,False,False,False,True,True,False,58.1,382,False
2026-10-02,BPOP,Popular Inc.,Financial Services,Mid,10826400768.0,158.14,83562312.0,501,0.6923,0.7313,0.7333,0.386,0.149,0.2275,0.2456,1,0.3855,45.9,70.2,14.7,28.2,False,,False,True,False,False,True,True,True,False,58.1,383,False
2026-10-02,NTRA,Natera Inc.,Healthcare,Mid,47238930432.0,410.35,456336473.0,501,1.1684,1.2367,1.2145,0.3339,0.1115,0.4543,0.48,2,1.012,73.6,59.8,78.5,60.5,False,,False,True,False,False,False,True,True,False,58.0,384,False
2026-10-02,LEN,Lennar Corp. Class A,Consumer Cyclical,Mid,20994011136.0,79.81,283275038.0,501,0.974,0.9579,0.9544,0.3332,0.111,0.3527,0.3726,0,-0.335,64.4,59.6,57.1,27.5,False,,False,True,False,False,True,True,True,False,58.0,385,False
2026-10-02,INGM,Ingram Micro Holding Corp.,Technology,Small,6726100992.0,28.5,41593042.0,486,1.2396,1.2736,1.254,0.3789,0.1436,0.4048,0.4357,2,0.2672,77.2,68.3,69.0,28.2,False,,False,True,False,False,False,True,True,False,58.0,386,False
2026-10-02,PNC,PNC Financial Services Group Inc.,Financial Services,Large,96995180544.0,221.03,420441917.0,501,0.6363,0.5943,0.5977,0.3519,0.1239,0.2057,0.2189,0,0.262,42.4,62.9,8.6,24.4,False,,False,True,False,False,True,True,True,False,57.9,387,False
2026-10-02,CWEN,Clearway Energy Inc.,Utilities,Small,8008271360.0,29.34,36589536.0,501,0.7239,0.6946,0.6991,0.2904,0.0843,0.2979,0.3101,0,0.1081,48.4,53.1,39.0,56.9,False,,False,True,False,False,True,True,True,False,57.9,388,False
2026-10-02,MAR,Marriott International Inc./MD Class A,Consumer Cyclical,Large,92934504448.0,358.96,553464663.0,501,0.6939,0.6271,0.6319,0.299,0.0894,0.2604,0.2718,2,0.2838,46.1,54.0,26.4,81.1,False,,False,True,False,False,True,True,True,False,57.8,389,False
2026-10-02,EL,Estee Lauder Cos. Inc. Class A,Consumer Defensive,Mid,37934194688.0,91.97,276145919.0,501,1.2245,1.4151,1.3829,0.3788,0.1435,0.45,0.4843,3,0.1901,76.3,68.2,77.7,54.9,False,,False,True,False,False,False,True,True,False,57.8,390,False
2026-10-02,AGCO,AGCO Corp.,Industrials,Small,7812739584.0,114.61,115724457.0,501,1.0025,0.8909,0.89,0.3235,0.1047,0.3391,0.3569,1,0.2207,66.0,58.3,52.4,36.3,False,,False,True,False,False,True,True,True,False,57.8,391,False
2026-10-02,THO,Thor Industries Inc.,Consumer Cyclical,Small,4052666368.0,69.55,51052891.0,501,1.0676,1.0191,1.0134,0.3531,0.1247,0.3513,0.374,1,-0.2551,68.8,63.1,56.1,25.6,False,,False,True,False,False,True,True,True,False,57.8,392,False
2026-10-02,UBER,Uber Technologies Inc.,Technology,Large,160953745408.0,68.11,1305353408.0,501,0.8148,0.8723,0.872,0.3216,0.1034,0.3342,0.3516,0,-0.2087,55.4,57.5,51.2,44.3,False,,False,True,False,False,True,True,True,False,57.7,393,False
2026-10-02,NRG,NRG Energy Inc.,Utilities,Mid,23882012672.0,95.23,326990846.0,501,1.2776,1.3767,1.3467,0.3693,0.1364,0.4508,0.4832,1,-0.3054,78.9,66.2,77.8,17.6,False,,False,True,False,False,False,True,False,False,57.6,394,False
2026-10-02,BBWI,Bath & Body Works Inc.,Consumer Cyclical,Small,3809518080.0,16.06,112381819.0,501,1.2495,1.3865,1.3406,0.3062,0.0937,0.561,0.587,1,-0.2462,77.4,55.1,88.2,49.7,False,,False,True,False,False,False,True,True,False,57.6,395,False
2026-10-02,FHN,First Horizon National Corp.,Financial Services,Mid,11640704000.0,23.42,130535161.0,501,0.7463,0.732,0.7342,0.3769,0.1421,0.2341,0.2517,1,0.1219,49.8,67.7,16.4,20.7,False,,False,True,False,False,True,True,True,False,57.5,396,False
2026-10-02,ZG,Zillow Group Inc. Class A,Communication Services,Small,8091000832.0,28.1,36635289.0,501,1.1282,1.1849,1.1658,0.3216,0.1034,0.454,0.4775,1,-0.5021,71.4,57.6,78.4,49.2,False,,False,True,False,False,False,True,True,False,57.5,397,False
2026-10-02,NDAQ,Nasdaq Inc.,Financial Services,Large,55221370880.0,90.33,310573099.0,501,0.6619,0.6629,0.667,0.3114,0.097,0.2632,0.2759,1,0.1121,44.0,55.7,27.4,64.0,False,,False,True,False,False,True,True,True,False,57.3,398,False
2026-10-02,SAIL,SailPoint Inc.,Technology,Mid,10334073856.0,20.43,78617779.0,411,1.1451,1.4817,1.4182,0.3006,0.0904,0.6118,0.6389,1,-0.1966,72.6,54.6,91.0,62.6,False,,False,True,False,False,False,True,True,False,57.3,399,False
2026-10-02,CNH,CNH Industrial NV,Industrials,Mid,18686803968.0,13.47,213672153.0,501,1.1317,1.1037,1.0927,0.3418,0.1168,0.3949,0.4186,1,0.3051,71.6,61.0,67.4,30.1,False,,False,True,False,False,False,True,True,False,57.2,400,False
2026-10-02,DECK,Deckers Outdoor Corp.,Consumer Cyclical,Mid,12184190976.0,79.12,244438058.0,501,1.1372,1.0562,1.0459,0.3065,0.0939,0.4268,0.4466,2,-0.1722,72.1,55.2,72.7,60.1,False,,False,True,False,False,False,True,True,False,57.1,401,False
2026-10-02,HLI,Houlihan Lokey Inc. Class A,Financial Services,Small,9071267840.0,126.37,119484508.0,501,0.8078,0.7182,0.7217,0.3094,0.0957,0.2872,0.3008,2,-0.3248,55.0,55.6,35.2,60.9,False,,False,True,False,False,True,True,True,False,57.0,402,False
2026-10-02,Z,Zillow Group Inc.,Communication Services,Small,7859380224.0,27.41,122610100.0,501,1.1045,1.1611,1.1435,0.3166,0.1002,0.4527,0.4754,1,-0.5294,70.5,57.0,78.3,49.1,False,,False,True,False,False,False,True,True,False,57.0,403,False
2026-10-02,EQIX,Equinix Inc.,Real Estate,Large,105123831808.0,1025.72,561719136.0,501,0.6952,0.4879,0.4945,0.252,0.0635,0.2438,0.2509,1,0.3451,46.2,47.1,19.8,62.9,False,,False,True,False,False,True,True,True,False,56.9,404,False
2026-10-02,LULU,Lululemon Athletica Inc.,Consumer Cyclical,Mid,13211998208.0,94.46,502858890.0,501,1.169,1.2526,1.2327,0.3624,0.1313,0.4192,0.448,3,-0.3238,73.7,65.0,71.7,53.2,False,,False,True,False,False,False,True,True,False,56.8,405,False
2026-10-02,PLD,Prologis Inc.,Real Estate,Large,137842556928.0,128.91,569705441.0,501,0.5364,0.455,0.4602,0.2773,0.0769,0.2052,0.2127,1,0.1999,36.7,50.6,8.5,65.4,False,,False,True,False,False,True,True,True,False,56.5,406,False
2026-10-02,ISRG,Intuitive Surgical Inc.,Healthcare,Large,135719305216.0,391.95,1105849723.0,501,0.9022,0.9225,0.9204,0.3258,0.1062,0.3483,0.367,2,-0.151,60.1,58.5,55.3,59.9,False,,False,True,False,False,True,True,True,False,56.4,407,False
2026-10-02,STWD,Starwood Property Trust Inc.,Real Estate,Small,6042124288.0,13.05,67832610.0,501,0.4966,0.3848,0.389,0.2819,0.0795,0.1704,0.1769,0,-0.1173,34.1,51.4,2.0,46.1,False,,False,True,False,False,True,True,True,False,56.4,408,False
2026-10-02,TNL,Travel + Leisure Co.,Consumer Cyclical,Small,4508523008.0,62.92,51828518.0,501,0.9399,0.8489,0.8494,0.3069,0.0942,0.3425,0.3585,2,0.1473,61.9,55.4,53.6,59.5,False,,False,True,False,False,True,True,True,False,56.4,409,False
2026-10-02,AMCR,Amcor plc,Consumer Cyclical,Mid,21855080448.0,41.86,156074678.0,501,0.8046,0.8108,0.8121,0.3364,0.1132,0.2953,0.3124,1,0.1921,54.6,60.2,37.8,35.3,False,,False,True,False,False,True,True,True,False,56.3,410,False
2026-10-02,PNR,Pentair plc,Industrials,Mid,10032455680.0,53.03,212641732.0,501,0.9057,0.9366,0.9346,0.3734,0.1394,0.3028,0.3251,3,-0.4518,60.5,67.0,40.6,46.2,False,,False,True,False,False,True,True,True,False,56.3,411,False
2026-10-02,S,SentinelOne Inc. Class A,Technology,Small,7030904320.0,25.06,169162826.0,501,1.201,1.1684,1.1459,0.2861,0.0819,0.5092,0.5293,2,0.1291,75.3,52.0,84.5,64.3,False,,False,True,False,False,False,True,True,False,56.3,412,False
2026-10-02,OZK,Bank OZK,Financial Services,Small,5394091008.0,46.71,56350267.0,501,0.6564,0.6701,0.6731,0.3616,0.1307,0.2248,0.2402,1,0.0099,43.5,64.7,14.0,30.2,False,,False,True,False,False,True,True,True,False,56.3,413,False
2026-10-02,IRDM,Iridium Communications Inc.,Communication Services,Small,5001330176.0,48.96,59394360.0,501,1.1944,1.3858,1.3344,0.2889,0.0835,0.5975,0.6217,2,1.7091,74.8,52.9,90.4,69.3,False,,False,True,False,False,False,True,True,False,56.2,414,False
2026-10-02,LOW,Lowe's Cos. Inc.,Consumer Cyclical,—,,180.8,642670956.0,501,0.6704,0.629,0.6337,0.3002,0.0901,0.2601,0.2716,0,-0.1776,44.7,54.4,26.0,38.5,False,,False,True,False,False,True,True,True,False,56.1,415,False
2026-10-02,FIVE,Five Below Inc.,Consumer Cyclical,Mid,14230258688.0,221.19,252887072.0,501,0.9527,1.0522,1.0443,0.341,0.1163,0.3775,0.3999,2,0.5664,63.1,60.9,63.0,53.3,False,,False,True,False,False,True,True,True,False,55.9,416,False
2026-10-02,CPAY,Corpay Inc.,Technology,Mid,27076048896.0,394.6,195164105.0,501,0.865,0.8446,0.8453,0.2985,0.0891,0.3514,0.3668,2,0.4539,58.3,53.9,56.2,68.8,False,,False,True,False,False,True,True,True,False,55.8,417,False
2026-10-02,NOV,NOV Inc.,Energy,Small,7211552256.0,18.8,66315451.0,501,0.7795,0.7926,0.7952,0.2812,0.0791,0.352,0.3654,0,0.6329,53.3,51.3,56.8,52.6,False,,False,True,False,False,True,True,True,False,55.8,418,False
2026-10-02,AXON,Axon Enterprise Inc.,Industrials,Mid,48546668544.0,413.35,495627382.0,501,1.227,1.5581,1.4913,0.3251,0.1057,0.5898,0.6212,1,-0.2873,76.5,58.4,89.7,35.1,False,,False,True,False,False,False,True,True,False,55.7,419,False
2026-10-02,RIVN,Rivian Automotive Inc. Class A,Consumer Cyclical,Mid,23643564032.0,14.3,444944660.0,501,1.6121,2.0436,1.907,0.3765,0.1417,0.6544,0.7035,3,0.0684,88.0,67.5,93.5,30.4,False,,False,True,True,False,False,True,True,False,55.7,420,False
2026-10-02,MDB,MongoDB Inc.,Technology,Mid,32568498176.0,357.96,781629097.0,501,1.5211,1.7472,1.6415,0.3229,0.1043,0.6663,0.7012,4,0.1675,86.0,57.9,94.3,68.0,False,,False,True,True,False,False,False,True,False,55.6,421,False
2026-10-02,ONON,On Holding AG Class A,Consumer Cyclical,Small,9769095168.0,30.85,262417999.0,501,1.2072,1.3198,1.292,0.3495,0.1222,0.4604,0.4894,3,-0.3213,75.4,62.6,79.3,53.1,False,,False,True,False,False,False,True,True,False,55.6,422,False
2026-10-02,TXT,Textron Inc.,Industrials,Mid,14328228864.0,77.26,143193652.0,501,0.7796,0.7089,0.7118,0.3449,0.1189,0.2511,0.2664,2,-0.0694,53.4,61.7,22.3,31.5,False,,False,True,False,False,True,True,True,False,55.5,423,False
2026-10-02,BROS,Dutch Bros Inc. Class A,Consumer Cyclical,Small,8985559040.0,38.67,197253111.0,501,1.1154,1.3525,1.3202,0.344,0.1184,0.4804,0.5095,1,-0.066,71.2,61.5,82.1,33.5,False,,False,True,False,False,False,True,True,False,55.5,424,False
2026-10-02,TPR,Tapestry Inc.,Consumer Cyclical,Mid,25944844288.0,118.12,393704129.0,501,1.052,1.08,1.0705,0.3425,0.1173,0.3855,0.4087,3,0.0916,67.7,61.2,65.3,58.3,False,,False,True,False,False,True,True,True,False,55.4,425,False
2026-10-02,IP,International Paper Co.,Consumer Cyclical,Mid,21707071488.0,31.97,189545406.0,501,1.2081,1.2291,1.2109,0.3605,0.13,0.4138,0.4419,3,-0.1763,75.5,64.2,70.3,39.8,False,,False,True,False,False,False,True,True,False,55.4,426,False
2026-10-02,ITW,Illinois Tool Works Inc.,Industrials,Large,80396197888.0,262.92,356999457.0,501,0.5986,0.4926,0.4975,0.2936,0.0862,0.2087,0.2175,1,0.0549,39.9,53.4,9.7,46.4,False,,False,True,False,False,True,True,True,False,55.3,427,False
2026-10-02,PRIM,Primoris Services Corp.,Industrials,Small,4241650944.0,79.08,102569859.0,501,1.5987,1.8616,1.7135,0.3056,0.0934,0.7548,0.7896,1,-0.4673,87.6,55.0,96.8,19.1,False,,False,True,True,False,False,True,False,False,55.3,428,False
2026-10-02,BKR,Baker Hughes Co. Class A,Energy,Large,61530902528.0,56.0,476974045.0,501,0.7326,0.7136,0.718,0.2807,0.0788,0.3175,0.3295,0,0.3573,48.9,51.0,46.6,49.0,False,,False,True,False,False,True,True,True,False,55.2,429,False
2026-10-02,PSA,Public Storage,Real Estate,Large,60686766080.0,283.81,301512815.0,501,0.4388,0.4066,0.4136,0.2292,0.0525,0.2247,0.2299,0,0.0686,31.0,44.1,13.9,69.4,False,,False,True,False,False,True,True,True,False,55.2,430,False
2026-10-02,PPLI,People Inc.,Communication Services,Small,2924198400.0,41.28,43994442.0,501,0.9519,0.9649,0.9618,0.3689,0.1361,0.3163,0.339,3,0.1384,62.9,65.9,46.2,41.2,False,,False,True,False,False,True,True,True,False,55.2,431,False
2026-10-02,BIRK,Birkenstock Holding plc,Consumer Cyclical,Small,5974266368.0,33.33,83605746.0,501,1.2196,1.2806,1.2523,0.3234,0.1046,0.4876,0.5132,2,-0.2689,76.2,58.2,82.8,42.7,False,,False,True,False,False,False,True,True,False,55.2,432,False
2026-10-02,GSAT,Globalstar Inc.,Communication Services,Mid,10600877056.0,83.22,64208698.0,501,1.0101,1.5212,1.464,0.3345,0.1119,0.5576,0.5894,1,1.0802,66.3,60.0,88.0,50.4,False,,False,True,False,False,False,True,True,False,55.1,433,False
2026-10-02,CBRE,CBRE Group Inc. Class A,Real Estate,Mid,43995172864.0,129.58,249114108.0,501,0.8683,0.8597,0.8598,0.3397,0.1154,0.3097,0.328,1,-0.0926,58.7,60.7,43.4,22.0,False,,False,True,False,False,True,True,True,False,55.0,434,False
2026-10-02,ADT,ADT Inc.,Industrials,Small,5435360768.0,6.25,53891428.0,501,0.6628,0.7518,0.7542,0.3424,0.1172,0.2685,0.2846,2,-0.1166,44.2,61.1,29.4,58.1,False,,False,True,False,False,True,True,True,False,55.0,435,False
2026-10-02,F,Ford Motor Co.,Consumer Cyclical,Large,55547211776.0,12.1,662720155.0,501,0.9459,1.1693,1.1577,0.3904,0.1524,0.3588,0.3882,2,0.2061,62.5,71.1,58.8,26.8,False,,False,True,False,False,True,True,True,False,54.9,436,False
2026-10-02,WAT,Waters Corp.,Healthcare,Mid,40329838592.0,425.21,306236859.0,501,0.8949,0.8332,0.8342,0.3079,0.0948,0.3351,0.3508,2,0.2889,59.6,55.5,51.5,52.1,False,,False,True,False,False,True,True,True,False,54.8,437,False
2026-10-02,OKTA,Okta Inc.,Technology,Mid,22901999616.0,211.49,575060956.0,501,1.1507,1.2164,1.1767,0.2391,0.0572,0.6429,0.6594,2,0.7794,73.2,45.7,92.5,77.3,False,,False,True,False,False,False,True,True,False,54.8,438,False
2026-10-02,WFC,Wells Fargo & Co.,Financial Services,Mega,253532078080.0,80.45,1221851697.0,501,0.7756,0.758,0.76,0.3702,0.137,0.2475,0.2654,2,0.1279,52.7,66.4,20.9,18.9,False,,False,True,False,False,True,True,False,False,54.7,439,False
2026-10-02,PVH,PVH Corp.,Consumer Cyclical,Small,3340992256.0,75.53,73111234.0,501,1.1289,1.2253,1.2046,0.3373,0.1138,0.445,0.4708,2,-0.1493,71.5,60.3,76.3,40.6,False,,False,True,False,False,False,True,True,False,54.7,440,False
2026-10-02,HON,Honeywell International Inc.,Industrials,Large,68069203968.0,213.99,692792785.0,501,0.7742,0.7105,0.7135,0.3391,0.115,0.2565,0.2716,2,0.0113,52.4,60.6,24.5,31.8,False,,False,True,False,False,True,True,True,False,54.6,441,False
2026-10-02,ECL,Ecolab Inc.,Basic Materials,Large,80448708608.0,273.7,355150399.0,501,0.4643,0.4818,0.4869,0.2844,0.0809,0.2114,0.2196,0,0.0463,32.5,51.7,10.5,45.6,False,,False,True,False,False,True,True,True,False,54.6,442,False
2026-10-02,LPLA,LPL Financial Holdings Inc.,Financial Services,Mid,28495259648.0,316.44,239517872.0,501,0.8667,0.9058,0.9043,0.3233,0.1045,0.3451,0.3632,1,0.1242,58.6,58.0,54.4,33.6,False,,False,True,False,False,True,True,True,False,54.4,443,False
2026-10-02,REXR,Rexford Industrial Realty Inc.,Real Estate,Small,8521206784.0,36.69,99835687.0,501,0.5962,0.5789,0.5839,0.2976,0.0886,0.2416,0.2521,2,-0.0914,39.4,53.8,18.5,65.3,False,,False,True,False,False,True,True,True,False,54.3,444,False
2026-10-02,WH,Wyndham Hotels & Resorts Inc.,Consumer Cyclical,Small,5702382080.0,71.79,92174667.0,501,0.6805,0.5452,0.5535,0.2333,0.0544,0.2958,0.3029,0,-0.0984,45.0,44.9,37.9,53.4,False,,False,True,False,False,True,True,True,False,54.3,445,False
2026-10-02,EGP,EastGroup Properties Inc.,Real Estate,Mid,10796606464.0,195.78,97902393.0,501,0.4012,0.3054,0.3102,0.2293,0.0526,0.1687,0.1726,1,0.176,28.6,44.2,1.6,72.5,False,,False,True,False,False,True,True,True,False,54.2,446,False
2026-10-02,SNOW,Snowflake Inc.,Technology,Large,115341549568.0,341.04,1518745572.0,501,1.063,1.3131,1.2645,0.262,0.0686,0.6294,0.6496,1,0.3266,68.3,48.8,91.9,61.6,False,,False,True,False,False,False,True,True,False,54.1,447,False
2026-10-02,AKAM,Akamai Technologies Inc.,Technology,Mid,15530016768.0,108.92,482260010.0,501,1.391,1.304,1.2626,0.2797,0.0783,0.5824,0.6042,3,0.3857,81.8,50.8,89.1,57.6,False,,False,True,True,False,False,True,True,False,54.1,448,False
2026-10-02,TOST,Toast Inc. Class A,Technology,Mid,21368659968.0,29.79,299828382.0,501,1.0517,1.0745,1.0624,0.3001,0.0901,0.4445,0.4641,1,-0.0438,67.6,54.3,76.1,38.5,False,,False,True,False,False,False,True,True,False,54.1,449,False
2026-10-02,BILL,Bill.Com Holdings Inc.,Technology,Small,4791598592.0,43.62,101114053.0,501,0.974,1.5028,1.4411,0.3142,0.0987,0.5908,0.6199,1,-0.0927,64.5,56.4,89.8,55.9,False,,False,True,False,False,False,True,True,False,54.1,450,False
2026-10-02,MRNA,Moderna Inc.,Healthcare,Large,63410638848.0,190.01,2459992304.0,501,1.5703,1.9522,1.3773,0.1317,0.0173,1.9121,1.9212,1,4.4641,87.1,29.5,100.0,57.5,False,,False,True,True,False,False,True,True,False,54.0,451,False
2026-10-02,CUZ,Cousins Properties Inc.,Real Estate,Small,4872961024.0,28.01,44587892.0,501,0.6137,0.5824,0.5877,0.2901,0.0842,0.25,0.2602,1,0.0419,41.0,53.0,21.9,47.7,False,,False,True,False,False,True,True,True,False,54.0,452,False
2026-10-02,WBD,Warner Bros Discovery Inc.,Communication Services,Large,71954825216.0,30.94,882653598.0,501,0.7434,0.4989,0.5064,0.2391,0.0572,0.2637,0.2705,2,0.4672,49.4,45.6,27.7,62.5,False,,False,True,False,False,True,True,True,False,53.9,453,False
2026-10-02,STAG,STAG Industrial Inc.,Real Estate,Small,7317309440.0,36.05,63753558.0,501,0.4357,0.3487,0.354,0.237,0.0562,0.1859,0.1906,1,0.0791,30.8,45.4,3.9,65.4,False,,False,True,False,False,True,True,True,False,53.9,454,False
2026-10-02,SMG,Scotts Miracle-Gro Co.,Basic Materials,Small,3571813632.0,49.02,61696494.0,501,0.7484,0.7846,0.7875,0.2753,0.0758,0.3566,0.3695,0,0.0736,50.1,50.2,58.1,50.5,False,,False,True,False,False,True,True,True,False,53.9,455,False
2026-10-02,UPS,United Parcel Service Inc. Class B,Industrials,Large,87392280576.0,93.02,504509741.0,501,0.7631,0.7558,0.7584,0.3267,0.1068,0.2845,0.2998,2,0.301,51.5,58.7,34.2,41.4,False,,False,True,False,False,True,True,True,False,53.8,456,False
2026-10-02,CLF,Cleveland-Cliffs Inc.,Basic Materials,Small,6584031744.0,11.32,210895624.0,501,1.6522,2.2069,2.0593,0.4118,0.1696,0.6355,0.6946,4,-0.0016,89.0,74.8,92.1,18.3,False,,False,True,True,False,False,False,False,False,53.8,457,False
2026-10-02,BURL,Burlington Stores Inc.,Consumer Cyclical,Mid,19808499712.0,275.34,356503110.0,501,0.9784,0.902,0.9002,0.2867,0.0822,0.3923,0.4078,1,0.0176,64.7,52.3,66.7,36.1,False,,False,True,False,False,False,True,True,False,53.6,458,False
2026-10-02,CAVA,Cava Group Inc.,Consumer Cyclical,Small,7915955712.0,54.41,215863329.0,501,1.102,1.4143,1.3637,0.3048,0.0929,0.575,0.6014,1,0.0019,70.3,54.9,89.0,40.8,False,,False,True,False,False,False,True,True,False,53.6,459,False
2026-10-02,SMMT,Summit Therapeutics Inc.,Healthcare,Mid,11351976960.0,16.75,86103820.0,501,1.2767,1.6793,1.5787,0.3066,0.094,0.6784,0.7099,1,-0.2875,78.8,55.3,95.0,26.5,False,,False,True,False,False,False,True,True,False,53.6,460,False
2026-10-02,COLM,Columbia Sportswear Co.,Consumer Cyclical,Small,2977395968.0,57.27,39074666.0,501,0.7785,0.78,0.783,0.2764,0.0764,0.353,0.3658,1,0.1026,53.1,50.5,57.2,55.6,False,,False,True,False,False,True,True,True,False,53.5,461,False
2026-10-02,SLB,Schlumberger Ltd.,Energy,Large,80143736832.0,48.74,659501798.0,501,0.7833,0.7574,0.7612,0.2697,0.0727,0.3519,0.3639,1,0.6971,53.6,49.1,56.5,55.6,False,,False,True,False,False,True,True,True,False,53.4,462,False
2026-10-02,SITE,SiteOne Landscape Supply Inc.,Industrials,Small,4193973504.0,89.56,85253004.0,501,1.0563,1.0074,1.0011,0.3208,0.1029,0.3871,0.407,2,-0.2293,68.0,57.4,65.6,33.2,False,,False,True,False,False,True,True,True,False,53.3,463,False
2026-10-02,URI,United Rentals Inc.,Industrials,Large,67443474432.0,1081.04,503616830.0,501,1.1389,0.9891,0.9827,0.2951,0.0871,0.4167,0.4344,3,0.0259,72.2,53.6,71.1,51.5,False,,False,True,False,False,False,True,True,False,53.2,464,False
2026-10-02,MCO,Moody's Corp.,Financial Services,Large,88556101632.0,441.36,382429586.0,501,0.6191,0.5139,0.5216,0.2396,0.0574,0.271,0.278,1,0.0301,41.3,45.8,30.2,61.4,False,,False,True,False,False,True,True,True,False,53.1,465,False
2026-10-02,CPNG,Coupang Inc.,Consumer Cyclical,Mid,29959622656.0,13.78,274265991.0,501,1.2287,1.3564,1.33,0.3797,0.1442,0.4301,0.463,3,-0.5076,76.7,68.5,73.5,17.4,False,,False,True,False,False,False,True,False,False,53.1,466,False
2026-10-02,HAS,Hasbro Inc.,Consumer Cyclical,Mid,13581171712.0,89.54,168082949.0,501,0.7531,0.7382,0.7412,0.3157,0.0997,0.2887,0.303,3,0.2816,50.6,56.8,35.7,60.6,False,,False,True,False,False,True,True,True,False,53.1,467,False
2026-10-02,OLLI,Ollie's Bargain Outlet Holdings Inc.,Consumer Defensive,Small,4489865728.0,88.06,134193922.0,501,0.8442,0.8787,0.8779,0.2719,0.0739,0.4047,0.4189,0,-0.4213,57.3,49.6,68.9,39.4,False,,False,True,False,False,False,True,True,False,53.0,468,False
2026-10-02,PCOR,Procore Technologies Inc.,Technology,Small,9182661632.0,50.95,164070399.0,501,0.8977,0.8387,0.8404,0.2093,0.0438,0.5098,0.5193,0,-0.1607,59.7,40.9,84.6,62.5,False,,False,True,False,False,False,True,True,False,52.8,469,False
2026-10-02,EXR,Extra Space Storage Inc.,Real Estate,Mid,31973177344.0,133.25,173751305.0,501,0.4007,0.3663,0.3737,0.2094,0.0439,0.2225,0.2267,0,0.0263,28.4,41.0,13.2,63.4,False,,False,True,False,False,True,True,True,False,52.7,470,False
2026-10-02,RBLX,ROBLOX Corp.,Communication Services,Mid,27946385408.0,44.12,512869060.0,501,1.4068,1.5195,1.4407,0.2839,0.0806,0.6679,0.6938,2,-0.6926,82.4,51.6,94.6,34.5,False,,False,True,True,False,False,True,True,False,52.7,471,False
2026-10-02,TRU,TransUnion,Financial Services,Mid,16190199808.0,63.44,177650317.0,501,0.9587,0.915,0.9125,0.2855,0.0815,0.3997,0.4154,2,0.008,63.5,51.8,68.0,51.2,False,,False,True,False,False,False,True,True,False,52.7,472,False
2026-10-02,GTLB,Gitlab Inc. Class A,Technology,Small,6977259008.0,49.78,200322156.0,501,0.9445,0.8629,0.8628,0.1864,0.0347,0.5919,0.6,0,0.1242,62.3,37.6,89.9,66.8,False,,False,True,False,False,False,True,True,False,52.7,473,False
2026-10-02,CAI,Caris Life Sciences Inc.,Healthcare,Small,7581496320.0,28.3,114954235.0,325,1.2542,1.3187,1.2662,0.2544,0.0647,0.6525,0.672,2,-0.1823,77.7,47.6,93.3,50.1,False,,False,True,False,False,False,True,True,False,52.6,474,False
2026-10-02,DRS,Leonardo DRS Inc.,Industrials,Mid,10302012416.0,36.8,36041746.0,501,0.7774,0.9557,0.9518,0.3123,0.0976,0.3783,0.3966,1,-0.1624,52.9,56.2,63.3,45.0,False,,False,True,False,False,True,True,True,False,52.3,475,False
2026-10-02,FAST,Fastenal Co.,Industrials,Large,58843676672.0,50.75,367408115.0,501,0.62,0.5016,0.5081,0.2576,0.0664,0.2448,0.2524,2,0.0262,41.4,47.8,19.9,57.6,False,,False,True,False,False,True,True,True,False,52.1,476,False
2026-10-02,BAX,Baxter International Inc.,Healthcare,Mid,13700393984.0,23.49,162898008.0,501,0.9056,1.0943,1.0832,0.3307,0.1093,0.4064,0.4289,2,0.1023,60.3,59.2,69.2,44.0,False,,False,True,False,False,False,True,True,False,52.1,477,False
2026-10-02,BYD,Boyd Gaming Corp.,Consumer Cyclical,Small,5858206208.0,67.25,78080521.0,501,0.6536,0.5564,0.5625,0.2709,0.0734,0.2572,0.2662,1,-0.1126,43.4,49.4,24.9,38.6,False,,False,True,False,False,True,True,True,False,52.1,478,False
2026-10-02,LLYVK,Liberty Live Holdings Inc.,Communication Services,Small,9728648192.0,97.87,29969584.0,501,0.7215,0.5609,0.5695,0.2299,0.0528,0.3091,0.3163,1,0.0846,48.1,44.4,43.2,53.3,False,,False,True,False,False,True,True,True,False,52.0,479,False
2026-10-02,VKTX,Viking Therapeutics Inc.,Healthcare,Small,4010528000.0,29.94,140034916.0,501,1.2492,1.129,1.0961,0.2115,0.0447,0.6788,0.6918,1,0.224,77.3,41.4,95.1,41.9,False,,False,True,False,False,False,True,True,False,51.9,480,False
2026-10-02,GILD,Gilead Sciences Inc.,Healthcare,Large,181182251008.0,144.74,859868671.0,501,0.422,0.3316,0.3425,0.1626,0.0264,0.2619,0.2644,0,0.3716,29.9,34.3,26.8,77.2,False,,False,True,False,False,True,True,True,False,51.6,481,False
2026-10-02,NVR,NVR Inc.,Consumer Cyclical,Mid,17054799872.0,5993.85,223985322.0,501,0.626,0.5467,0.5533,0.2605,0.0678,0.2637,0.2721,1,-0.2127,41.8,48.4,27.8,43.4,False,,False,True,False,False,True,True,True,False,51.6,482,False
2026-10-02,KEX,Kirby Corp.,Industrials,Small,7340256256.0,137.87,69570907.0,501,0.6644,0.5856,0.5922,0.2607,0.068,0.2822,0.2912,2,0.6839,44.4,48.5,33.6,59.8,False,,False,True,False,False,True,True,True,False,51.6,483,False
2026-10-02,DLB,Dolby Laboratories Inc. Class A,Industrials,Small,6083787776.0,58.89,54835026.0,501,0.6013,0.6064,0.6127,0.2652,0.0703,0.2869,0.2964,2,-0.124,40.2,49.0,35.0,70.2,False,,False,True,False,False,True,True,True,False,51.6,484,False
2026-10-02,DIS,Walt Disney Co.,Communication Services,Large,186102300672.0,102.19,969572505.0,501,0.7028,0.6533,0.6573,0.3165,0.1002,0.2548,0.2675,3,-0.0302,46.9,56.9,23.7,45.5,False,,False,True,False,False,True,True,True,False,51.4,485,False
2026-10-02,DKS,Dick's Sporting Goods Inc.,Consumer Cyclical,Mid,11604898816.0,136.08,451295153.0,501,1.07,1.0192,1.0095,0.2745,0.0754,0.4646,0.4813,1,-0.3996,69.1,50.0,79.6,27.4,False,,False,True,False,False,False,True,True,False,51.4,486,False
2026-10-02,CUBE,CubeSmart,Real Estate,Small,9158402048.0,37.52,92706048.0,501,0.3644,0.3155,0.3231,0.1877,0.0352,0.2149,0.2179,0,0.0174,26.4,38.0,10.9,61.9,False,,False,True,False,False,True,True,True,False,51.4,487,False
2026-10-02,SBUX,Starbucks Corp.,Consumer Cyclical,Large,122071203840.0,94.71,700126096.0,501,0.5752,0.5491,0.5558,0.258,0.0666,0.2675,0.2758,1,0.2967,37.8,48.0,29.3,52.2,False,,False,True,False,False,True,True,True,False,51.2,488,False
2026-10-02,VVV,Valvoline Inc.,Consumer Cyclical,Small,4172980736.0,30.58,78459548.0,501,0.6589,0.6988,0.7039,0.2712,0.0735,0.3228,0.334,0,-0.1114,43.6,49.5,48.6,39.0,False,,False,True,False,False,True,True,True,False,51.2,489,False
2026-10-02,SOLS,Solstice Advanced Materials Inc.,Basic Materials,Small,8954226688.0,57.7,194345771.0,240,1.3428,1.4329,1.3858,0.3327,0.1107,0.5224,0.5516,2,,80.8,59.5,85.6,38.7,False,,True,True,True,False,False,False,True,False,51.1,490,False
2026-10-02,CCK,Crown Holdings Inc.,Consumer Cyclical,Mid,12951201792.0,106.05,111974383.0,501,0.5144,0.4422,0.4501,0.2246,0.0505,0.2497,0.2552,0,0.2244,34.9,43.3,21.8,42.1,False,,False,True,False,False,True,True,True,False,51.1,491,False
2026-10-02,PINS,Pinterest Inc. Class A,Communication Services,Mid,13200756736.0,19.26,264397592.0,501,1.0128,0.9629,0.9553,0.2358,0.0556,0.5163,0.5292,2,-0.3338,66.5,45.3,85.0,62.0,False,,False,True,False,False,False,True,True,False,51.1,492,False
2026-10-02,EEFT,Euronet Worldwide Inc.,Technology,Small,2638823936.0,63.5,46827911.0,501,0.9212,0.7193,0.7247,0.2535,0.0643,0.3572,0.3678,1,-0.1729,61.2,47.4,58.4,26.4,False,,False,True,False,False,True,True,True,False,51.0,493,False
2026-10-02,MA,Mastercard Inc. Class A,Financial Services,Mega,508637642752.0,552.26,1618133470.0,501,0.386,0.2914,0.2998,0.1691,0.0286,0.221,0.2233,0,0.0314,28.1,34.8,12.6,61.8,False,,False,True,False,False,True,True,True,False,50.9,494,False
2026-10-02,ZM,Zoom Video Communications Inc. Class A,Technology,Mid,29592995840.0,92.88,299435475.0,501,0.7998,0.9298,0.9263,0.2739,0.075,0.4249,0.44,2,0.1794,54.2,49.7,72.6,69.4,False,,False,True,False,False,False,True,True,False,50.9,495,False
2026-10-02,CORT,Corcept Therapeutics Inc.,Healthcare,Mid,12950189056.0,116.23,142579420.0,501,0.9854,1.8456,1.6896,0.2923,0.0855,0.7856,0.8182,2,0.3107,65.3,53.3,97.7,62.2,False,,False,True,False,False,False,True,True,False,50.9,496,False
2026-10-02,TTD,Trade Desk Inc. Class A,Communication Services,Small,6122539008.0,11.95,348033799.0,501,1.0698,0.8739,0.8729,0.2022,0.0409,0.5509,0.5603,2,-0.705,69.0,39.7,87.4,66.0,False,,False,True,False,False,False,True,True,False,50.9,497,False
2026-10-02,FIG,Figma Inc. Class A,Technology,Mid,14407257088.0,21.36,451324093.0,296,0.8661,1.2864,1.2222,0.2139,0.0458,0.7644,0.7794,0,-0.4885,58.5,41.6,97.2,64.1,False,,False,True,False,False,False,True,True,False,50.9,498,False
2026-10-02,CSX,CSX Corp.,Industrials,Large,95569182720.0,47.43,560347027.0,501,0.4506,0.4352,0.4408,0.2615,0.0684,0.209,0.2157,2,0.4079,31.4,48.7,10.0,60.7,False,,False,True,False,False,True,True,True,False,50.8,499,False
2026-10-02,TECH,Bio-Techne Corp.,Healthcare,Mid,11350503424.0,72.4,228995982.0,501,0.841,0.7986,0.802,0.2339,0.0547,0.432,0.4425,2,0.2134,57.1,45.0,74.0,71.0,False,,False,True,False,False,False,True,True,False,50.8,500,False
2026-10-02,TTC,Toro Co.,Industrials,Small,9356302336.0,98.64,69408901.0,501,0.6358,0.4319,0.4402,0.2164,0.0468,0.2536,0.2587,2,0.3299,42.3,42.3,23.3,59.4,False,,False,True,False,False,True,True,True,False,50.8,501,False
2026-10-02,RNG,RingCentral Inc. Class A,Technology,Small,5516416512.0,78.28,112589286.0,501,0.9691,1.1045,1.0741,0.2051,0.0421,0.6858,0.6979,2,1.5959,64.2,40.3,95.5,83.8,False,,False,True,False,False,False,True,True,False,50.8,502,False
2026-10-02,PFE,Pfizer Inc.,Healthcare,Large,159989841920.0,27.8,967578809.0,501,0.3067,0.2973,0.3047,0.1822,0.0332,0.2088,0.2116,0,0.1413,23.0,36.9,9.8,65.8,False,,False,True,False,False,True,True,True,False,50.7,503,False
2026-10-02,WING,Wingstop Inc.,Consumer Cyclical,Small,3057703424.0,106.89,153354823.0,501,0.8547,1.0757,1.0539,0.2234,0.0499,0.6109,0.6242,0,-0.5656,57.8,43.2,90.9,55.4,False,,False,True,False,False,False,True,True,False,50.7,504,False
2026-10-02,JBHT,JB Hunt Transport Services Inc.,Industrials,Mid,24618700800.0,234.2,271865724.0,501,0.8773,0.7799,0.7837,0.2475,0.0612,0.3973,0.4085,2,0.9773,58.8,46.9,67.7,56.6,False,,False,True,False,False,False,True,True,False,50.6,505,False
2026-10-02,LYV,Live Nation Entertainment Inc.,Communication Services,Mid,43509846016.0,168.77,343512364.0,501,0.7167,0.6456,0.6514,0.2705,0.0732,0.2991,0.3094,1,0.1303,47.7,49.3,39.4,32.4,False,,False,True,False,False,True,True,True,False,50.5,506,False
2026-10-02,CFR,Cullen/Frost Bankers Inc.,Financial Services,Mid,10147032064.0,155.04,88400174.0,501,0.4403,0.3803,0.3861,0.2402,0.0577,0.2,0.2052,0,0.3231,31.1,45.9,7.0,27.8,False,,False,True,False,False,True,True,True,False,50.5,507,False
2026-10-02,GAP,Gap Inc.,Consumer Cyclical,Small,7840349696.0,22.51,148845370.0,501,1.1025,1.1945,1.1759,0.3326,0.1106,0.4407,0.4655,3,0.0503,70.4,59.4,75.7,32.5,False,,False,True,False,False,False,True,True,False,50.5,508,False
2026-10-02,VRTX,Vertex Pharmaceuticals Inc.,Healthcare,Large,138909253632.0,504.73,615543121.0,501,0.4723,0.5001,0.5085,0.2273,0.0517,0.2788,0.2852,1,0.3774,32.9,43.9,32.3,68.7,False,,False,True,False,False,True,True,True,False,50.4,509,False
2026-10-02,ROST,Ross Stores Inc.,Consumer Cyclical,Large,77475053568.0,228.54,544228400.0,501,0.5948,0.6375,0.6417,0.3122,0.0975,0.2524,0.2646,3,0.5165,39.2,56.1,22.8,57.2,False,,False,True,False,False,True,True,True,False,50.4,510,False
2026-10-02,SPG,Simon Property Group Inc.,Real Estate,Large,83794288640.0,200.95,286763001.0,501,0.3797,0.2471,0.2536,0.1692,0.0286,0.1873,0.1893,0,0.1714,27.5,34.9,4.1,51.4,False,,False,True,False,False,True,True,True,False,50.4,511,False
2026-10-02,ILMN,Illumina Inc.,Healthcare,Mid,33973491712.0,273.04,580193628.0,501,0.9671,0.7708,0.7768,0.2053,0.0421,0.4782,0.4866,2,1.0854,64.0,40.4,81.8,68.1,False,,False,True,False,False,False,True,True,False,50.4,512,False
2026-10-02,GEHC,GE HealthCare Technologies Inc.,Healthcare,Mid,33621053440.0,64.29,272110969.0,501,0.8219,0.7607,0.764,0.2866,0.0822,0.3309,0.344,2,-0.0638,55.6,52.2,50.5,36.0,False,,False,True,False,False,True,True,True,False,50.3,513,False
2026-10-02,LAMR,Lamar Advertising Co. Class A,Real Estate,Mid,15433520128.0,144.12,87945720.0,501,0.4578,0.3568,0.3631,0.2232,0.0498,0.2028,0.2072,2,0.2848,32.0,43.1,7.7,62.3,False,,False,True,False,False,True,True,True,False,50.2,514,False
2026-10-02,ETSY,Etsy Inc.,Consumer Cyclical,Small,7502239744.0,72.77,237902668.0,501,0.8201,1.0938,1.0789,0.2871,0.0824,0.475,0.4939,2,0.1593,55.5,52.4,81.2,66.0,False,,False,True,False,False,False,True,True,False,50.2,515,False
2026-10-02,FOUR,Shift4 Payments Inc. Class A,Technology,Small,3651905536.0,36.17,79344665.0,501,1.2157,1.4071,1.349,0.281,0.079,0.6253,0.649,2,-0.4248,75.9,51.2,91.6,30.6,False,,False,True,False,False,False,True,True,False,50.2,516,False
2026-10-02,EXPE,Expedia Group Inc.,Consumer Cyclical,Mid,40701558784.0,265.0,526799661.0,501,0.9838,1.0058,0.9961,0.2584,0.0668,0.4894,0.5046,3,0.4239,65.1,48.1,83.4,68.7,False,,False,True,False,False,False,True,True,False,50.1,517,False
2026-10-02,HSIC,Henry Schein Inc.,Healthcare,Mid,10072538112.0,84.88,103027368.0,501,0.534,0.4989,0.5056,0.2539,0.0645,0.2474,0.2547,1,0.3779,36.4,47.5,20.8,40.4,False,,False,True,False,False,True,True,True,False,50.1,518,False
2026-10-02,SLM,SLM Corp.,Financial Services,Small,5034640384.0,22.75,59508385.0,501,0.9523,0.9928,0.9875,0.3284,0.1079,0.3716,0.3918,3,-0.0159,63.0,58.9,61.6,33.9,False,,False,True,False,False,True,True,True,False,50.1,519,False
2026-10-02,FCNCA,First Citizens BancShares Inc./NC Class A,Financial Services,Mid,24587606016.0,2073.46,145186604.0,501,0.6677,0.616,0.6211,0.2922,0.0854,0.2623,0.2732,2,0.2423,44.6,53.2,27.0,34.5,False,,False,True,False,False,True,True,True,False,50.0,520,False
2026-10-02,EXEL,Exelixis Inc.,Healthcare,Mid,13900553216.0,58.39,130786109.0,501,0.573,0.5725,0.5836,0.2022,0.0409,0.3609,0.367,1,0.4206,37.6,39.8,59.3,88.4,False,,False,True,False,False,True,True,True,False,50.0,521,False
2026-10-02,BIO,Bio-Rad Laboratories Inc. Class A,Healthcare,Mid,10391525376.0,369.14,97797346.0,501,0.7697,0.7225,0.7278,0.2533,0.0642,0.3591,0.3697,2,0.3039,51.9,47.3,58.9,58.5,False,,False,True,False,False,True,True,True,False,49.9,522,False
2026-10-02,DDOG,Datadog Inc. Class A,Technology,Large,84605255680.0,277.22,1042910632.0,501,1.1408,1.1565,1.1202,0.2162,0.0467,0.6798,0.6935,3,0.3702,72.4,42.2,95.2,71.5,False,,False,True,False,False,False,True,True,False,49.8,523,False
2026-10-02,WHR,Whirlpool Corp.,Consumer Cyclical,Small,2617102848.0,30.31,94758478.0,501,1.1525,1.2218,1.1993,0.3221,0.1038,0.4673,0.4916,2,-0.4944,73.4,57.8,79.8,11.0,False,,False,True,False,False,False,True,False,False,49.8,524,False
2026-10-02,GWW,WW Grainger Inc.,Industrials,Large,62411026432.0,1280.3,345728061.0,501,0.5343,0.5218,0.527,0.288,0.0829,0.2258,0.2349,3,0.3723,36.5,52.8,14.3,55.5,False,,False,True,False,False,True,True,True,False,49.7,525,False
2026-10-02,RMD,ResMed Inc.,Healthcare,Mid,34128652288.0,218.89,298663598.0,501,0.4365,0.3983,0.4092,0.1822,0.0332,0.2797,0.2833,0,-0.1386,30.9,37.0,32.7,63.6,False,,False,True,False,False,True,True,True,False,49.7,526,False
2026-10-02,RBA,RB Global Inc.,Industrials,Mid,15839225856.0,81.88,151643745.0,501,0.6718,0.7749,0.7773,0.3115,0.0971,0.3075,0.3224,2,-0.2235,44.8,55.9,42.8,43.2,False,,False,True,False,False,True,True,True,False,49.7,527,False
2026-10-02,GEN,NortonLifeLock Inc.,Technology,Mid,17742118912.0,21.99,189733921.0,501,0.7362,0.8302,0.8316,0.2743,0.0752,0.3788,0.3923,2,0.1117,49.2,49.8,63.4,62.7,False,,False,True,False,False,True,True,True,False,49.6,528,False
2026-10-02,AVY,Avery Dennison Corp.,Consumer Cyclical,Mid,13818451968.0,169.87,155123520.0,501,0.5332,0.4436,0.4513,0.2259,0.0511,0.2489,0.2545,1,0.098,36.3,43.5,21.5,44.8,False,,False,True,False,False,True,True,True,False,49.6,529,False
2026-10-02,PYPL,PayPal Holdings Inc.,Financial Services,Large,53676740608.0,52.8,784225936.0,501,0.9109,1.1149,1.1022,0.3289,0.1082,0.4165,0.4393,3,-0.1728,60.6,59.0,71.0,44.2,False,,False,True,False,False,False,True,True,False,49.4,530,False
2026-10-02,FRT,Federal Realty Investment Trust,Real Estate,Mid,10278647808.0,106.69,98929611.0,501,0.2753,0.172,0.1775,0.1369,0.0187,0.1619,0.1628,0,0.2211,22.2,30.4,1.0,61.5,False,,False,True,False,False,True,True,True,False,49.4,531,False
2026-10-02,PB,Prosperity Bancshares Inc.,Financial Services,Small,8782518272.0,67.38,72221586.0,501,0.4663,0.484,0.489,0.288,0.0829,0.2095,0.2178,1,0.1047,32.6,52.7,10.2,25.9,False,,False,True,False,False,True,True,True,False,49.4,532,False
2026-10-02,BBY,Best Buy Co. Inc.,Consumer Cyclical,—,,87.97,312324892.0,501,0.7895,0.7313,0.7367,0.246,0.0605,0.3749,0.3853,1,0.1724,53.8,46.7,62.4,37.4,False,,False,True,False,False,True,True,True,False,49.3,533,False
2026-10-02,NBIX,Neurocrine Biosciences Inc.,Healthcare,Mid,15917245440.0,143.18,204134612.0,501,0.6132,0.6259,0.6333,0.244,0.0595,0.3238,0.3325,2,0.1518,40.9,46.2,48.9,71.5,False,,False,True,False,False,True,True,True,False,49.3,534,False
2026-10-02,MGM,MGM Resorts International,Consumer Cyclical,Mid,11119294464.0,30.48,123050478.0,501,0.8405,0.8498,0.8503,0.282,0.0795,0.3762,0.3906,2,0.1946,57.0,51.5,62.7,37.6,False,,False,True,False,False,True,True,True,False,49.1,535,False
2026-10-02,PAG,Penske Automotive Group Inc.,Consumer Cyclical,Mid,14264602624.0,204.03,87947977.0,501,0.587,0.5647,0.5706,0.2745,0.0754,0.2574,0.2666,1,0.2751,38.5,50.1,25.0,28.7,False,,False,True,False,False,True,True,True,False,49.1,536,False
2026-10-02,NTNX,Nutanix Inc.,Technology,Mid,17676257280.0,72.29,170968893.0,501,0.7995,0.6677,0.6794,0.1874,0.0351,0.4556,0.462,1,-0.1149,54.1,37.9,78.8,64.6,False,,False,True,False,False,False,True,True,False,48.8,537,False
2026-10-02,POOL,Pool Corp.,Industrials,Small,6845870080.0,161.42,142841007.0,501,0.7491,0.6934,0.699,0.2599,0.0675,0.3353,0.3458,1,-0.3932,50.2,48.3,51.7,29.3,False,,False,True,False,False,True,True,True,False,48.8,538,False
2026-10-02,IOT,Samsara Inc. Class A,Technology,—,,41.12,233310280.0,501,0.8993,0.916,0.9109,0.1987,0.0395,0.588,0.5975,1,-0.0351,59.9,39.3,89.5,58.0,False,,False,True,False,False,False,True,True,False,48.6,539,False
2026-10-02,PATH,UiPath Inc. Class A,Technology,Small,8683695104.0,13.12,941354648.0,501,0.9437,1.2149,1.1712,0.2264,0.0513,0.6801,0.6954,2,0.3849,62.2,43.6,95.3,68.0,False,,False,True,False,False,False,True,True,False,48.6,540,False
2026-10-02,JAZZ,Jazz Pharmaceuticals plc,Healthcare,Mid,16182554624.0,235.67,212485835.0,501,0.7144,0.5283,0.5412,0.1859,0.0346,0.3633,0.3683,2,0.7938,47.5,37.5,60.0,76.9,False,,False,True,False,False,True,True,True,False,48.5,541,False
2026-10-02,GL,Globe Life Inc.,Financial Services,Mid,13490920448.0,165.68,94793855.0,501,0.3879,0.2931,0.2997,0.1908,0.0364,0.1962,0.1991,1,0.2395,28.2,38.5,5.9,49.4,False,,False,True,False,False,True,True,True,False,48.5,542,False
2026-10-02,PRI,Primerica Inc.,Financial Services,Small,9266752512.0,275.42,55299871.0,501,0.3471,0.2021,0.2106,0.1262,0.0159,0.2067,0.2075,0,0.0786,25.7,28.7,8.7,56.6,False,,False,True,False,False,True,True,True,False,48.4,543,False
2026-10-02,GD,General Dynamics Corp.,Industrials,Large,103972421632.0,330.09,408127199.0,501,0.3718,0.398,0.4046,0.2311,0.0534,0.218,0.2232,1,0.0873,26.8,44.6,11.5,46.7,False,,False,True,False,False,True,True,True,False,48.3,544,False
2026-10-02,EBAY,eBay Inc.,Consumer Cyclical,Mid,47650598912.0,106.4,480277189.0,501,0.5354,0.7168,0.7219,0.2608,0.068,0.3452,0.3562,1,0.2338,36.6,48.6,54.5,59.6,False,,False,True,False,False,True,True,True,False,48.2,545,False
2026-10-02,ARE,Alexandria Real Estate Equities Inc.,Real Estate,Small,9115887616.0,47.37,94816760.0,501,0.8132,0.7262,0.7347,0.1979,0.0392,0.468,0.4755,1,-0.3403,55.3,39.1,79.9,57.2,False,,False,True,False,False,False,True,True,False,48.2,546,False
2026-10-02,LSTR,Landstar System Inc.,Industrials,Small,6163963904.0,173.48,78713504.0,501,0.7026,0.746,0.7499,0.2744,0.0753,0.3402,0.3524,2,0.4706,46.8,49.9,52.8,48.4,False,,False,True,False,False,True,True,True,False,48.2,547,False
2026-10-02,TGT,Target Corp.,Consumer Defensive,Large,77162528768.0,156.0,606461599.0,501,0.551,0.4482,0.4594,0.1896,0.036,0.302,0.3064,0,0.9068,37.1,38.2,40.5,44.1,False,,False,True,False,False,True,True,True,False,48.1,548,False
2026-10-02,BDX,Becton Dickinson and Co.,Healthcare,Large,51955060736.0,176.8,311698124.0,501,0.3591,0.323,0.3335,0.1623,0.0263,0.2555,0.2579,0,0.2729,26.3,34.2,24.0,59.8,False,,False,True,False,False,True,True,True,False,48.1,549,False
2026-10-02,SOLV,Solventum Corp.,Healthcare,Mid,15580577792.0,87.85,88340199.0,501,0.5792,0.5766,0.5836,0.2532,0.0641,0.2866,0.2951,1,0.2582,38.0,47.2,34.7,38.2,False,,False,True,False,False,True,True,True,False,48.1,550,False
2026-10-02,VTRS,Viatris Inc.,Healthcare,Mid,19204438016.0,17.6,156712920.0,501,0.6321,0.7064,0.7108,0.2874,0.0826,0.3064,0.3186,3,0.7538,42.2,52.6,42.3,59.2,False,,False,True,False,False,True,True,True,False,48.0,551,False
2026-10-02,KMX,CarMax Inc.,Consumer Cyclical,Small,8879377408.0,54.92,149333583.0,501,0.9636,1.2565,1.2296,0.317,0.1005,0.4892,0.5137,2,0.3343,63.7,57.1,83.3,26.2,False,,False,True,False,False,False,True,True,False,48.0,552,False
2026-10-02,TMO,Thermo Fisher Scientific Inc.,Healthcare,Mega,232670887936.0,654.8,1231793676.0,501,0.6003,0.5406,0.5482,0.2435,0.0593,0.2802,0.2878,2,0.1498,40.0,46.1,32.9,49.0,False,,False,True,False,False,True,True,True,False,47.9,553,False
2026-10-02,NKE,NIKE Inc. Class B,Consumer Cyclical,Large,60452573184.0,33.87,1134594233.0,501,0.8261,0.6751,0.6818,0.2449,0.06,0.3478,0.3573,2,-0.4676,55.8,46.4,55.0,33.8,False,,False,True,False,False,True,True,True,False,47.9,554,False
2026-10-02,DOCU,DocuSign Inc. Class A,Technology,Mid,11328744448.0,69.01,195269262.0,501,0.6459,0.5933,0.6107,0.1606,0.0258,0.4745,0.4788,0,-0.0519,43.3,34.0,81.0,74.5,False,,False,True,False,False,False,True,True,False,47.7,555,False
2026-10-02,AMTM,Amentum Holdings Inc.,Industrials,Small,5039277568.0,18.14,42109672.0,501,1.017,1.1728,1.1554,0.3265,0.1066,0.4419,0.4656,3,-0.2091,66.8,58.6,75.8,23.4,False,,False,True,False,False,False,True,True,False,47.7,556,False
2026-10-02,IFF,International Flavors & Fragrances Inc.,Basic Materials,Mid,22252251136.0,82.42,138528717.0,501,0.7107,0.7163,0.7213,0.2624,0.0689,0.3427,0.3538,2,0.4511,47.4,48.9,53.8,45.4,False,,False,True,False,False,True,True,True,False,47.6,557,False
2026-10-02,RGA,Reinsurance Group of America Inc. Class A,Financial Services,Mid,16100125696.0,249.41,84558246.0,501,0.4049,0.2894,0.298,0.1664,0.0277,0.2233,0.2255,1,0.328,29.0,34.6,13.4,55.6,False,,False,True,False,False,True,True,True,False,47.6,558,False
2026-10-02,FNF,Fidelity National Financial Inc.,Financial Services,Mid,12733795328.0,39.26,92601275.0,501,0.4322,0.3369,0.3486,0.1585,0.0251,0.2731,0.2755,0,-0.1812,30.4,33.6,30.8,54.4,False,,False,True,False,False,True,True,True,False,47.6,559,False
2026-10-02,GMED,Globus Medical Inc.,Healthcare,Mid,11157165056.0,75.6,118782977.0,501,0.685,0.7425,0.7503,0.198,0.0392,0.4782,0.4859,1,0.375,45.3,39.2,81.9,78.4,False,,False,True,False,False,False,True,True,False,47.6,560,False
2026-10-02,LH,Labcorp Holdings Inc.,Healthcare,Mid,27385847808.0,308.49,227084214.0,501,0.4071,0.2883,0.2979,0.1569,0.0246,0.2362,0.2382,0,0.2005,29.3,33.5,17.1,43.1,False,,False,True,False,False,True,True,True,False,47.5,561,False
2026-10-02,TTWO,Take-Two Interactive Software Inc.,Communication Services,Mid,43659935744.0,202.73,532341470.0,501,0.5515,0.6498,0.6561,0.2575,0.0663,0.3174,0.3271,1,-0.1537,37.2,47.7,46.4,46.4,False,,False,True,False,False,True,True,True,False,47.4,562,False
2026-10-02,DXCM,DexCom Inc.,Healthcare,Mid,33645488128.0,85.36,380407285.0,501,0.6639,0.6538,0.6629,0.2152,0.0463,0.3862,0.3939,2,0.3573,44.3,41.9,65.4,75.0,False,,False,True,False,False,True,True,True,False,47.4,563,False
2026-10-02,J,Jacobs Solutions Inc.,Industrials,Mid,17733691392.0,138.06,120015350.0,501,0.7448,0.8573,0.8575,0.3344,0.1118,0.3144,0.3323,3,-0.0252,49.5,59.9,45.4,29.6,False,,False,True,False,False,True,True,True,False,47.4,564,False
2026-10-02,SCHW,Charles Schwab Corp.,Financial Services,Large,194204401664.0,96.7,846914744.0,501,0.4699,0.4647,0.4717,0.241,0.0581,0.2434,0.2498,2,0.1883,32.8,46.0,19.5,48.3,False,,False,True,False,False,True,True,True,False,47.3,565,False
2026-10-02,DE,Deere & Co.,Industrials,Large,174776385536.0,687.0,778651426.0,501,0.6765,0.4913,0.5024,0.1974,0.039,0.3175,0.3226,1,0.5599,44.9,39.0,46.7,41.7,False,,False,True,False,False,True,True,True,False,47.2,566,False
2026-10-02,HHH,Howard Hughes Holdings Inc.,Real Estate,Small,3921283328.0,71.04,37267600.0,501,0.763,0.7553,0.7584,0.3,0.09,0.3125,0.3263,3,-0.2594,51.3,54.2,44.9,32.6,False,,False,True,False,False,True,True,True,False,47.2,567,False
2026-10-02,TWLO,Twilio Inc. Class A,Technology,Mid,34396241920.0,294.58,551488051.0,501,1.0824,1.3505,1.3012,0.2783,0.0774,0.6066,0.629,4,1.2079,69.6,50.7,90.7,56.9,False,,False,True,False,False,False,False,True,False,47.0,568,False
2026-10-02,GH,Guardant Health Inc.,Healthcare,Mid,22131632128.0,177.8,331052094.0,501,0.9486,0.9154,0.9106,0.2036,0.0415,0.5728,0.5828,2,1.6027,62.6,40.0,88.8,56.0,False,,False,True,False,False,False,True,True,False,47.0,569,False
2026-10-02,UNM,Unum Group,Financial Services,Mid,14486656000.0,88.57,145200761.0,501,0.5416,0.3149,0.3239,0.1727,0.0298,0.2337,0.2363,1,0.2144,36.9,35.9,16.2,33.3,False,,False,True,False,False,True,True,True,False,47.0,570,False
2026-10-02,KBR,KBR Inc.,Industrials,Small,4781749760.0,34.24,53159122.0,501,0.6258,0.6354,0.6425,0.2457,0.0604,0.3262,0.3352,0,-0.2169,41.7,46.5,49.4,21.5,False,,False,True,False,False,True,True,True,False,47.0,571,False
2026-10-02,ARMK,Aramark,Industrials,Mid,15690962944.0,55.55,141481238.0,501,0.6315,0.5813,0.5867,0.2871,0.0825,0.2524,0.2624,3,0.4955,42.1,52.5,22.7,33.1,False,,False,True,False,False,True,True,True,False,46.9,572,False
2026-10-02,V,Visa Inc. Class A,Financial Services,Mega,692749271040.0,360.66,2449041116.0,501,0.3737,0.2885,0.2966,0.1703,0.029,0.2172,0.2195,2,0.0966,27.0,35.2,11.4,68.2,False,,False,True,False,False,True,True,True,False,46.8,573,False
2026-10-02,ALLE,Allegion plc,Industrials,Mid,13629696000.0,154.21,198614180.0,501,0.6454,0.5158,0.523,0.246,0.0605,0.2645,0.2718,3,-0.1156,43.1,46.6,28.1,45.4,False,,False,True,False,False,True,True,True,False,46.8,574,False
2026-10-02,CBSH,Commerce Bancshares Inc./MO,Financial Services,Small,8390782464.0,55.28,60455997.0,501,0.3463,0.3383,0.3445,0.216,0.0467,0.199,0.203,1,0.0416,25.5,42.1,6.8,39.1,False,,False,True,False,False,True,True,True,False,46.8,575,False
2026-10-02,TKO,TKO Group Holdings Inc. Class A,Communication Services,Mid,35563778048.0,175.58,209150162.0,501,0.5312,0.4373,0.4494,0.1803,0.0325,0.3105,0.3144,1,-0.0339,36.0,36.5,43.6,60.4,False,,False,True,False,False,True,True,True,False,46.7,576,False
2026-10-02,PSN,Parsons Corp.,Technology,Small,5195014144.0,40.79,65101375.0,501,0.9917,1.2649,1.2294,0.2808,0.0789,0.5626,0.5838,2,-0.4677,65.6,51.1,88.4,28.2,False,,False,True,False,False,False,True,True,False,46.7,577,False
2026-10-02,KIM,Kimco Realty Corp.,Real Estate,Mid,16119068672.0,22.24,112867593.0,501,0.2214,0.0999,0.1071,0.0733,0.0054,0.1768,0.1766,0,0.1587,19.3,22.3,2.8,64.7,False,,False,True,False,False,True,True,True,False,46.6,578,False
2026-10-02,FTI,TechnipFMC plc,Energy,Mid,29490759680.0,68.82,226591809.0,501,0.5611,0.4007,0.4146,0.1614,0.0261,0.3188,0.3218,1,1.0103,37.4,34.1,47.3,62.9,False,,False,True,False,False,True,True,True,False,46.5,579,False
2026-10-02,STE,STERIS plc,Healthcare,Mid,23052926976.0,208.54,151774323.0,501,0.4166,0.4276,0.4354,0.2213,0.049,0.2452,0.2504,2,-0.0401,29.6,42.8,20.1,56.4,False,,False,True,False,False,True,True,True,False,46.5,580,False
2026-10-02,MSGS,Madison Square Garden Co. Class A,Communication Services,Small,9594652672.0,406.95,95686496.0,501,0.508,0.5451,0.5532,0.2357,0.0556,0.2924,0.2997,1,0.6844,34.6,45.2,36.9,40.8,False,,False,True,False,False,True,True,True,False,46.5,581,False
2026-10-02,ADSK,Autodesk Inc.,Technology,Large,53719572480.0,212.0,485856920.0,501,0.4971,0.4864,0.5021,0.1655,0.0274,0.3773,0.381,0,-0.2344,34.2,34.5,62.8,68.4,False,,False,True,False,False,True,True,True,False,46.4,582,False
2026-10-02,SSNC,SS&C Technologies Holdings Inc.,Technology,Mid,19488098304.0,78.53,130445753.0,501,0.5195,0.5064,0.5147,0.2299,0.0528,0.279,0.2855,2,-0.0492,35.1,44.5,32.4,52.2,False,,False,True,False,False,True,True,True,False,46.4,583,False
2026-10-02,DOC,Healthpeak Properties Inc.,Real Estate,Mid,15299082240.0,19.49,113270256.0,501,0.3817,0.4527,0.4628,0.2012,0.0405,0.2868,0.2917,1,0.1657,27.9,39.5,34.8,61.9,False,,False,True,False,False,True,True,True,False,46.2,584,False
2026-10-02,BRX,Brixmor Property Group Inc.,Real Estate,Small,9015908352.0,27.39,78121010.0,501,0.2506,0.0773,0.0844,0.058,0.0034,0.173,0.1726,0,0.1224,20.9,19.9,2.6,61.9,False,,False,True,False,False,True,True,True,False,46.2,585,False
2026-10-02,MOS,Mosaic Co.,Basic Materials,Small,7680358912.0,21.07,183830817.0,501,0.763,0.7438,0.7504,0.2148,0.0461,0.4401,0.4488,0,-0.2164,51.4,41.8,75.4,27.1,False,,False,True,False,False,False,True,True,False,46.2,586,False
2026-10-02,ESTC,Elastic NV,Technology,Small,8238167040.0,93.94,184600249.0,501,1.0701,0.9313,0.9252,0.2104,0.0443,0.5631,0.5737,3,0.0342,69.2,41.1,88.5,49.6,False,,False,True,False,False,False,True,True,False,46.2,587,False
2026-10-02,BIIB,Biogen Inc.,Healthcare,Mid,32619651072.0,219.88,228177512.0,501,0.4559,0.3014,0.32,0.1163,0.0135,0.3349,0.3358,0,0.4438,31.8,27.6,51.4,72.1,False,,False,True,False,False,True,True,True,False,46.1,588,False
2026-10-02,UNP,Union Pacific Corp.,Industrials,Large,183004954624.0,278.28,778838918.0,501,0.3188,0.2363,0.2457,0.1359,0.0185,0.2242,0.2254,1,0.2603,24.3,30.2,13.8,63.2,False,,False,True,False,False,True,True,True,False,46.0,589,False
2026-10-02,COLD,Americold Realty Trust,Real Estate,Small,4380151808.0,13.97,54034670.0,501,0.8357,0.7175,0.7256,0.2076,0.0431,0.4399,0.4479,2,0.2485,56.7,40.7,75.3,48.2,False,,False,True,False,False,False,True,True,False,46.0,590,False
2026-10-02,ULTA,Ulta Beauty Inc.,Consumer Cyclical,Mid,23094716416.0,543.69,305976794.0,501,0.7071,0.5651,0.5753,0.2107,0.0444,0.3412,0.3477,2,-0.0077,47.0,41.2,53.2,47.7,False,,False,True,False,False,True,True,True,False,45.9,591,False
2026-10-02,REGN,Regeneron Pharmaceuticals Inc.,Healthcare,Large,85298208768.0,735.2,566466529.0,501,0.6004,0.4725,0.4846,0.187,0.035,0.3231,0.3276,2,0.4275,40.1,37.8,48.8,64.5,False,,False,True,False,False,True,True,True,False,45.8,592,False
2026-10-02,UDR,UDR Inc.,Real Estate,Mid,13934125056.0,33.27,126178366.0,501,0.2414,0.1456,0.1542,0.0941,0.0089,0.2003,0.2004,0,0.0352,20.1,25.4,7.2,56.9,False,,False,True,False,False,True,True,True,False,45.8,593,False
2026-10-02,FWONK,Liberty Media Corp-Liberty Formula One,Communication Services,Mid,26199035904.0,91.2,201673408.0,501,0.365,0.2638,0.2748,0.137,0.0188,0.2481,0.2495,0,-0.0496,26.6,30.5,21.2,46.5,False,,False,True,False,False,True,True,True,False,45.7,594,False
2026-10-02,HR,Healthcare Trust of America Inc. Class A,Real Estate,Small,6683177472.0,17.47,73301663.0,501,0.1769,0.1331,0.1412,0.0903,0.0081,0.1912,0.1912,0,0.1052,17.6,24.7,4.9,60.5,False,,False,True,False,False,True,True,True,False,45.7,595,False
2026-10-02,ZS,Zscaler Inc.,Technology,Mid,27540748288.0,196.6,489872428.0,501,0.9574,0.9238,0.9168,0.1814,0.0329,0.6516,0.66,2,-0.4328,63.2,36.7,93.1,54.9,False,,False,True,False,False,False,True,True,False,45.6,596,False
2026-10-02,ATR,AptarGroup Inc.,Healthcare,Small,8598712320.0,119.91,57818456.0,501,0.4762,0.39,0.3984,0.2051,0.0421,0.2422,0.2465,2,-0.0137,33.1,40.2,18.9,45.5,False,,False,True,False,False,True,True,True,False,45.6,597,False
2026-10-02,RPRX,Royalty Pharma plc Class A,Healthcare,Mid,35866247168.0,57.16,171463333.0,501,0.2672,0.2541,0.2636,0.1438,0.0207,0.2276,0.2291,1,0.7713,21.8,32.0,14.8,63.7,False,,False,True,False,False,True,True,True,False,45.5,598,False
2026-10-02,DLTR,Dollar Tree Inc.,Consumer Defensive,Mid,25843638272.0,112.16,314075107.0,501,0.6106,0.7928,0.7961,0.2472,0.0611,0.4043,0.4156,1,0.4605,40.7,46.8,68.8,48.2,False,,False,True,False,False,False,True,True,False,45.4,599,False
2026-10-02,PTC,PTC Inc.,Technology,Mid,16450634752.0,144.03,204502279.0,501,0.5957,0.497,0.5107,0.1782,0.0318,0.3571,0.3615,1,-0.2633,39.3,36.1,58.2,58.8,False,,False,True,False,False,True,True,True,False,45.4,600,False
2026-10-02,CHWY,Chewy Inc.,Consumer Cyclical,Small,9404473344.0,18.17,179627606.0,501,0.8254,0.7802,0.785,0.2206,0.0487,0.4489,0.4584,1,-0.3887,55.7,42.7,77.5,29.1,False,,False,True,False,False,False,True,True,False,45.4,601,False
2026-10-02,ESS,Essex Property Trust Inc.,Real Estate,Mid,20126447616.0,268.65,140918205.0,501,0.286,0.1491,0.1571,0.1001,0.01,0.1928,0.193,1,0.0712,22.3,25.9,5.6,62.7,False,,False,True,False,False,True,True,True,False,45.3,602,False
2026-10-02,TPL,Texas Pacific Land Corp.,Energy,Mid,25713072128.0,340.19,133279754.0,501,0.7636,0.4088,0.4388,0.1097,0.012,0.4818,0.4828,1,0.1574,51.6,27.0,82.4,68.4,False,,False,True,False,False,False,True,True,False,45.2,603,False
2026-10-02,WST,West Pharmaceutical Services Inc.,Healthcare,Mid,24524546048.0,364.98,225392857.0,501,0.5326,0.584,0.5927,0.2279,0.052,0.3246,0.3321,2,0.2663,36.1,44.0,49.1,59.5,False,,False,True,False,False,True,True,True,False,45.2,604,False
2026-10-02,DHR,Danaher Corp.,Healthcare,Large,153848496128.0,214.06,951372066.0,501,0.5939,0.3933,0.4057,0.1693,0.0287,0.298,0.3011,2,-0.0084,39.0,35.0,39.2,56.4,False,,False,True,False,False,True,True,True,False,45.0,605,False
2026-10-02,EFX,Equifax Inc.,Industrials,Mid,22544177152.0,140.0,267828128.0,501,0.6597,0.5554,0.5687,0.1845,0.034,0.385,0.3902,1,-0.261,43.8,37.3,64.9,50.4,False,,False,True,False,False,True,True,True,False,45.0,606,False
2026-10-02,LVS,Las Vegas Sands Corp.,Consumer Cyclical,Mid,29943226368.0,36.23,233419015.0,501,0.5894,0.6212,0.6295,0.2317,0.0537,0.3395,0.3476,2,-0.1692,38.6,44.7,52.6,54.5,False,,False,True,False,False,True,True,True,False,45.0,607,False
2026-10-02,VLTO,Veralto Corp.,Industrials,Mid,24079468544.0,94.68,158389746.0,501,0.3468,0.2714,0.2806,0.1531,0.0234,0.2279,0.2297,1,-0.0793,25.6,33.0,14.9,49.3,False,,False,True,False,False,True,True,True,False,44.9,608,False
2026-10-02,DT,Dynatrace Inc.,Technology,Mid,14975808512.0,59.32,313668404.0,501,0.6864,0.5546,0.5702,0.17,0.0289,0.4183,0.4228,2,0.053,45.4,35.1,71.5,72.6,False,,False,True,False,False,False,True,True,False,44.8,609,False
2026-10-02,LKQ,LKQ Corp.,Consumer Cyclical,Small,6514803712.0,22.8,78878365.0,501,0.7346,0.6164,0.625,0.2272,0.0516,0.3438,0.3517,2,-0.1705,49.0,43.8,54.3,32.4,False,,False,True,False,False,True,True,True,False,44.8,610,False
2026-10-02,AMGN,Amgen Inc.,Healthcare,Mega,237515849728.0,403.04,1081963653.0,501,0.4886,0.4972,0.506,0.2223,0.0494,0.2838,0.2899,3,0.5247,33.6,43.0,34.1,65.1,False,,False,True,False,False,True,True,True,False,44.7,611,False
2026-10-02,HPQ,HP Inc.,Technology,Mid,26996709376.0,32.12,449882923.0,501,0.7295,0.7652,0.7708,0.2169,0.047,0.4482,0.4573,1,0.2471,48.6,42.5,77.2,41.1,False,,False,True,False,False,False,True,True,False,44.7,612,False
2026-10-02,REG,Regency Centers Corp.,Real Estate,Mid,14279907328.0,71.6,98710234.0,501,0.1385,0.0536,0.0597,0.0444,0.002,0.1569,0.1564,0,0.084,15.2,19.0,0.3,64.4,False,,False,True,False,False,True,True,True,False,44.7,613,False
2026-10-02,HALO,Halozyme Therapeutics Inc.,Healthcare,Mid,12151095296.0,109.86,218463429.0,501,0.573,0.5472,0.5597,0.1899,0.0361,0.3682,0.3735,2,0.4633,37.7,38.3,60.8,72.9,False,,False,True,False,False,True,True,True,False,44.6,614,False
2026-10-02,NXST,Nexstar Media Group Inc. Class A,Communication Services,Small,5715555840.0,155.42,61458973.0,501,0.6289,0.5079,0.521,0.1832,0.0336,0.3546,0.3593,1,-0.0623,41.9,37.1,57.7,45.5,False,,False,True,False,False,True,True,True,False,44.6,615,False
2026-10-02,ACM,AECOM,Industrials,Small,8379424256.0,59.66,128396304.0,501,0.7961,0.9028,0.9014,0.3152,0.0993,0.3538,0.3713,3,-0.4847,54.0,56.6,57.5,17.1,False,,False,True,False,False,True,True,False,False,44.5,616,False
2026-10-02,CART,Maplebear Inc.,Consumer Cyclical,Mid,11753257984.0,44.25,191791330.0,501,0.5218,0.4458,0.4667,0.138,0.0191,0.4162,0.4185,1,0.376,35.5,30.8,70.9,83.5,False,,False,True,False,False,False,True,True,False,44.5,617,False
2026-10-02,CCC,CCC Intelligent Solutions Holdings Inc.,Technology,Small,4299661312.0,6.56,70665039.0,501,0.6889,0.9186,0.9138,0.2119,0.0449,0.5514,0.562,1,-0.2022,45.5,41.5,87.5,58.8,False,,False,True,False,False,False,True,True,False,44.5,618,False
2026-10-02,RVMD,Revolution Medicines Inc.,Healthcare,Mid,45349298176.0,206.64,378422011.0,501,1.0563,1.1009,1.074,0.2167,0.0469,0.6455,0.6586,3,3.5624,67.9,42.4,92.7,42.6,False,,False,True,False,False,False,True,True,False,44.4,619,False
2026-10-02,VEEV,Veeva Systems Inc. Class A,Healthcare,Mid,40087756800.0,273.33,410420883.0,501,0.5308,0.5494,0.5656,0.1667,0.0278,0.4228,0.4271,1,-0.0428,35.8,34.7,72.2,76.6,False,,False,True,False,False,False,True,True,False,44.4,620,False
2026-10-02,MDU,MDU Resources Group Inc.,Utilities,Small,4267990528.0,18.61,32457945.0,501,0.2632,0.1906,0.1986,0.1239,0.0153,0.1987,0.1994,0,0.1502,21.5,28.3,6.5,38.3,False,,False,True,False,False,True,True,True,False,44.4,621,False
2026-10-02,ADBE,Adobe Inc.,Technology,Large,109431742464.0,237.69,1288400176.0,501,0.5004,0.3598,0.3839,0.1145,0.0131,0.4062,0.4072,0,-0.186,34.3,27.5,69.1,71.2,False,,False,True,False,False,False,True,True,False,44.2,622,False
2026-10-02,CDW,CDW Corp./DE,Technology,Mid,17763725312.0,133.29,251016500.0,501,0.9118,0.803,0.8065,0.2249,0.0506,0.4527,0.4627,2,-0.0459,60.7,43.4,78.2,25.3,False,,False,True,False,False,False,True,True,False,44.2,623,False
2026-10-02,NI,NiSource Inc.,Utilities,Mid,19494119424.0,39.43,232875647.0,501,0.2127,0.1611,0.1676,0.1189,0.0141,0.1751,0.1756,0,-0.019,18.8,27.9,2.7,39.2,False,,False,True,False,False,True,True,True,False,44.0,624,False
2026-10-02,AN,AutoNation Inc.,Consumer Cyclical,Small,6498762752.0,162.46,95197665.0,501,0.6412,0.5341,0.5438,0.2147,0.0461,0.3162,0.3224,1,-0.0792,42.9,41.7,46.0,20.0,False,,False,True,False,False,True,True,True,False,44.0,625,False
2026-10-02,NWS,News Corp. Class B,Communication Services,Mid,18932086784.0,31.65,37854346.0,501,0.3647,0.3024,0.3143,0.1461,0.0213,0.2666,0.2684,1,0.064,26.5,32.3,28.9,56.5,False,,False,True,False,False,True,True,True,False,44.0,626,False
2026-10-02,MDT,Medtronic plc,Healthcare,Large,119486201856.0,86.38,834755894.0,501,0.2572,0.1514,0.1634,0.0829,0.0069,0.2369,0.2367,0,-0.0037,21.1,24.0,17.5,54.1,False,,False,True,False,False,True,True,True,False,43.9,627,False
2026-10-02,FAF,First American Financial Corp.,Financial Services,Small,7517622784.0,62.49,57172399.0,501,0.4926,0.3953,0.4075,0.1712,0.0293,0.296,0.2993,2,0.1885,33.7,35.3,38.1,59.8,False,,False,True,False,False,True,True,True,False,43.9,628,False
2026-10-02,MNST,Monster Beverage Corp.,Consumer Defensive,Large,95836807168.0,42.94,491579032.0,501,0.3149,0.2241,0.2375,0.1093,0.0119,0.2652,0.2657,1,0.3175,23.5,26.9,28.5,71.0,False,,False,True,False,False,True,True,True,False,43.8,629,False
2026-10-02,OTIS,Otis Worldwide Corp.,Industrials,Mid,27202631680.0,64.05,281858822.0,501,0.324,0.2604,0.2688,0.1553,0.0241,0.2156,0.2174,1,-0.2166,24.5,33.2,11.2,40.7,False,,False,True,False,False,True,True,True,False,43.8,630,False
2026-10-02,AMH,American Homes 4 Rent Class A,Real Estate,Mid,13790785536.0,30.26,79236284.0,501,0.183,0.0445,0.0541,0.0293,0.0009,0.1975,0.1968,0,0.0368,17.9,17.6,6.1,60.3,False,,False,True,False,False,True,True,True,False,43.8,631,False
2026-10-02,EPR,EPR Properties,Real Estate,Small,4596535296.0,56.45,46413435.0,501,0.2559,0.1446,0.1552,0.0845,0.0071,0.2218,0.2217,1,0.0858,21.0,24.2,13.0,65.6,False,,False,True,False,False,True,True,True,False,43.8,632,False
2026-10-02,NOW,ServiceNow Inc.,Technology,Large,132830584832.0,134.38,2200621068.0,501,0.7319,0.6443,0.664,0.1456,0.0212,0.5699,0.5737,1,-0.2508,48.8,32.2,88.7,62.1,False,,False,True,False,False,False,True,True,False,43.6,633,False
2026-10-02,INCY,Incyte Corp.,Healthcare,Mid,26293952512.0,115.3,197137220.0,501,0.4259,0.4417,0.4552,0.1723,0.0297,0.3286,0.3323,2,0.4859,30.0,35.7,50.1,78.2,False,,False,True,False,False,True,True,True,False,43.6,634,False
2026-10-02,BBIO,Bridgebio Pharma Inc.,Healthcare,Mid,15516279808.0,67.25,214268377.0,501,0.7637,1.0911,1.0779,0.302,0.0912,0.4482,0.4683,4,0.4304,51.7,54.7,77.0,55.8,False,,False,True,False,False,False,False,True,False,43.6,635,False
2026-10-02,LAD,Lithia Motors Inc. Class A,Consumer Cyclical,Small,8137050112.0,307.77,105065486.0,501,0.725,0.6154,0.6259,0.206,0.0424,0.3805,0.3873,1,0.1594,48.5,40.5,63.9,23.8,False,,False,True,False,False,True,True,True,False,43.6,636,False
2026-10-02,CHDN,Churchill Downs Inc.,Consumer Cyclical,Small,6103649792.0,76.05,87375929.0,501,0.6103,0.5055,0.518,0.1868,0.0349,0.3458,0.3506,1,-0.0733,40.6,37.7,54.6,37.7,False,,False,True,False,False,True,True,True,False,43.6,637,False
2026-10-02,DKNG,DraftKings Inc.,Consumer Cyclical,Mid,12302131200.0,18.59,295013948.0,501,0.8063,0.735,0.7447,0.1817,0.033,0.5175,0.5242,1,-0.3114,54.9,36.8,85.2,36.0,False,,False,True,False,False,False,True,True,False,43.5,638,False
2026-10-02,GPK,Graphic Packaging Holding Co.,Consumer Cyclical,Small,3390019584.0,8.78,56045467.0,501,0.8276,0.9188,0.9156,0.2593,0.0672,0.4454,0.4593,2,-0.4226,56.0,48.2,76.4,22.2,False,,False,True,False,False,False,True,True,False,43.5,639,False
2026-10-02,ROIV,Roivant Sciences Ltd.,Healthcare,Mid,26545371136.0,35.72,258157559.0,501,0.8368,0.9844,0.9775,0.2762,0.0763,0.4457,0.4619,3,1.1702,56.8,50.4,76.5,32.8,False,,False,True,False,False,False,True,True,False,43.4,640,False
2026-10-02,CELH,Celsius Holdings Inc.,Consumer Defensive,Small,8914424832.0,26.75,268677140.0,501,0.8466,1.0543,1.0351,0.2221,0.0493,0.6022,0.6152,3,-0.4558,57.5,42.9,90.6,57.3,False,,False,True,False,False,False,True,True,False,43.4,641,False
2026-10-02,ICE,Intercontinental Exchange Inc.,Financial Services,Large,90524860416.0,150.15,529468104.0,501,0.2651,0.2455,0.2569,0.1275,0.0163,0.2485,0.2495,1,-0.0198,21.7,29.0,21.3,61.2,False,,False,True,False,False,True,True,True,False,43.3,642,False
2026-10-02,CPT,Camden Property Trust,Real Estate,Mid,12453982208.0,95.96,107424707.0,501,0.2128,0.0928,0.1017,0.0619,0.0038,0.1949,0.1945,0,0.03,18.9,20.4,5.7,49.6,False,,False,True,False,False,True,True,True,False,43.3,643,False
2026-10-02,DTM,DT Midstream Inc.,Energy,Mid,13521106944.0,121.0,119637426.0,501,0.2256,0.1423,0.1523,0.0856,0.0073,0.2154,0.2154,1,0.1524,19.5,24.3,11.1,63.1,False,,False,True,False,False,True,True,True,False,43.2,644,False
2026-10-02,COO,Cooper Cos. Inc.,Healthcare,—,,56.91,193275178.0,501,0.4617,0.5038,0.5143,0.2043,0.0417,0.3141,0.3196,2,0.0244,32.2,40.1,45.2,57.0,False,,False,True,False,False,True,True,True,False,43.1,645,False
2026-10-02,NWSA,News Corp. Class A,Communication Services,Mid,16632727552.0,28.69,113608353.0,501,0.3445,0.2601,0.2724,0.1284,0.0165,0.2614,0.2625,1,0.0631,25.4,29.1,26.6,56.5,False,,False,True,False,False,True,True,True,False,43.1,646,False
2026-10-02,PEGA,Pegasystems Inc.,Technology,Small,5561819648.0,33.93,83292220.0,501,0.709,0.7306,0.7407,0.1798,0.0323,0.5202,0.5268,2,-0.3427,47.2,36.2,85.3,68.6,False,,False,True,False,False,False,True,True,False,43.1,647,False
2026-10-02,BMY,Bristol-Myers Squibb Co.,Healthcare,Large,136882315264.0,61.15,691912738.0,501,0.3171,0.2361,0.2497,0.1131,0.0128,0.2699,0.2705,1,0.495,24.1,27.3,29.7,64.3,False,,False,True,False,False,True,True,True,False,43.0,648,False
2026-10-02,MSCI,MSCI Inc. Class A,Financial Services,Mid,41537871872.0,535.95,355950278.0,501,0.4865,0.3405,0.3541,0.1479,0.0219,0.2963,0.2984,3,0.0291,33.5,32.6,38.4,75.4,False,,False,True,False,False,True,True,True,False,42.9,649,False
2026-10-02,ETR,Entergy Corp.,Utilities,Mid,49364946944.0,100.91,285327014.0,501,0.2907,0.1991,0.2073,0.1269,0.0161,0.2026,0.2034,1,0.1714,22.5,28.9,7.5,42.4,False,,False,True,False,False,True,True,True,False,42.8,650,False
2026-10-02,MANH,Manhattan Associates Inc.,Technology,Mid,12587460608.0,204.15,151429801.0,501,0.6174,0.3395,0.3724,0.0938,0.0088,0.4687,0.4689,1,0.0862,41.2,25.3,80.0,76.0,False,,False,True,False,False,False,True,True,False,42.6,651,False
2026-10-02,MEDP,Medpace Holdings Inc.,Healthcare,Mid,17278709760.0,599.47,163317301.0,501,0.6451,0.7069,0.7154,0.2073,0.043,0.434,0.4419,3,0.0903,43.0,40.6,74.3,72.7,False,,False,True,False,False,False,True,True,False,42.5,652,False
2026-10-02,TEAM,Atlassian Corp. Class A,Technology,Mid,42646298624.0,187.89,610005017.0,501,0.8371,0.7793,0.7922,0.1295,0.0168,0.7768,0.7802,2,0.2465,56.9,29.2,97.4,65.2,False,,False,True,False,False,False,True,True,False,42.4,653,False
2026-10-02,CTAS,Cintas Corp.,Industrials,Large,82995167232.0,193.02,431261599.0,501,0.2631,0.1727,0.1841,0.0954,0.0091,0.2346,0.2347,1,-0.0175,21.4,25.6,16.5,55.4,False,,False,True,False,False,True,True,True,False,42.2,654,False
2026-10-02,KD,Kyndryl Holdings Inc.,Technology,Small,2761935616.0,11.56,51610721.0,501,0.9578,0.8215,0.8273,0.1448,0.021,0.7306,0.7355,1,-0.564,63.3,32.1,96.6,26.8,False,,False,True,False,False,False,True,True,False,42.2,655,False
2026-10-02,RTX,RTX Corp.,Industrials,Mega,282907901952.0,184.68,907043286.0,501,0.3836,0.3459,0.3561,0.1725,0.0298,0.257,0.2599,2,0.2187,28.0,35.8,24.8,47.2,False,,False,True,False,False,True,True,True,False,42.1,656,False
2026-10-02,NSC,Norfolk Southern Corp.,Industrials,Large,79282266112.0,317.44,374320075.0,501,0.3744,0.2529,0.2606,0.1587,0.0252,0.2048,0.2066,3,0.1245,27.3,33.7,8.3,51.5,False,,False,True,False,False,True,True,True,False,42.0,657,False
2026-10-02,GWRE,Guidewire Software Inc.,Technology,Mid,15907794944.0,152.15,214365687.0,501,0.7378,0.6246,0.6478,0.1357,0.0184,0.5936,0.5968,1,-0.1628,49.3,30.1,90.1,54.9,False,,False,True,False,False,False,True,True,False,42.0,658,False
2026-10-02,LIN,Linde plc,Basic Materials,Mega,224760102912.0,479.48,997431050.0,501,0.2334,0.0827,0.0913,0.0563,0.0032,0.1909,0.1905,1,0.0549,19.7,19.8,4.8,55.4,False,,False,True,False,False,True,True,True,False,41.9,659,False
2026-10-02,PEG,Public Service Enterprise Group Inc.,Utilities,Mid,36641570816.0,68.07,225712526.0,501,0.2225,0.1092,0.1169,0.077,0.0059,0.1841,0.1839,0,-0.0897,19.4,23.1,3.7,32.7,False,,False,True,False,False,True,True,True,False,41.9,660,False
2026-10-02,MRK,Merck & Co. Inc.,Healthcare,Mega,376367022080.0,144.3,1373385975.0,501,0.2418,0.1823,0.1992,0.082,0.0067,0.2883,0.2881,1,0.7217,20.2,23.8,35.6,77.6,False,,False,True,False,False,True,True,True,False,41.8,661,False
2026-10-02,DRI,Darden Restaurants Inc.,Consumer Cyclical,Mid,25025738752.0,200.33,257168223.0,501,0.3304,0.2437,0.2573,0.1164,0.0136,0.2706,0.2714,0,0.1799,24.8,27.7,30.0,38.0,False,,False,True,False,False,True,True,True,False,41.8,662,False
2026-10-02,RYN,Rayonier Inc.,Real Estate,Small,6230375424.0,18.06,64335435.0,501,0.316,0.2846,0.296,0.1431,0.0205,0.2562,0.2578,1,-0.1726,23.7,31.8,24.4,45.0,False,,False,True,False,False,True,True,True,False,41.8,663,False
2026-10-02,IQV,IQVIA Holdings Inc.,Healthcare,Mid,42835501056.0,258.21,356020821.0,501,0.5796,0.7348,0.7405,0.2375,0.0564,0.391,0.401,2,0.2947,38.1,45.5,66.4,46.2,False,,False,True,False,False,True,True,True,False,41.7,664,False
2026-10-02,PFGC,Performance Food Group Co.,Consumer Defensive,Mid,16095215616.0,93.85,168005400.0,501,0.5129,0.4031,0.4144,0.1799,0.0324,0.2869,0.2905,1,-0.0296,34.8,36.4,34.9,21.0,False,,False,True,False,False,True,True,True,False,41.7,665,False
2026-10-02,O,Realty Income Corp.,Real Estate,Large,59772592128.0,54.13,383446766.0,501,0.0493,-0.0078,-0.0005,-0.0061,0.0,0.1663,0.1656,0,0.068,10.1,13.8,1.2,65.5,False,,False,True,False,False,True,True,True,False,41.6,666,False
2026-10-02,GPC,Genuine Parts Co.,Consumer Cyclical,Mid,19230058496.0,127.24,164170917.0,501,0.6071,0.4867,0.4985,0.1916,0.0367,0.3245,0.3293,2,0.0207,40.5,38.6,49.0,34.3,False,,False,True,False,False,True,True,True,False,41.6,667,False
2026-10-02,GLPI,Gaming and Leisure Properties Inc.,Real Estate,Mid,12749766656.0,37.68,136485508.0,501,0.098,0.0068,0.0164,0.0046,0.0,0.1926,0.1918,0,-0.0539,12.9,14.4,5.5,62.3,False,,False,True,False,False,True,True,True,False,41.6,668,False
2026-10-02,MCD,McDonald's Corp.,Consumer Cyclical,Large,191735480320.0,231.89,1276039483.0,501,0.0738,0.0044,0.0139,0.003,0.0,0.1918,0.191,0,-0.1093,11.8,14.3,5.3,63.9,False,,False,True,False,False,True,True,True,False,41.5,669,False
2026-10-02,VIRT,Virtu Financial Inc. Class A,Financial Services,Small,5804886528.0,58.79,77531685.0,501,0.5786,0.3831,0.4013,0.1374,0.0189,0.3594,0.3614,1,0.8763,37.9,30.6,59.0,46.5,False,,False,True,False,False,True,True,True,False,41.5,670,False
2026-10-02,SIRI,Sirius XM Holdings Inc.,Communication Services,Small,9609777152.0,25.72,116047066.0,501,0.5439,0.3517,0.369,0.1337,0.0179,0.3393,0.341,2,0.37,37.0,29.8,52.5,59.1,False,,False,True,False,False,True,True,True,False,41.4,671,False
2026-10-02,AXSM,Axsome Therapeutics Inc.,Healthcare,Mid,10850685952.0,179.25,149684158.0,501,0.6903,0.6088,0.6224,0.181,0.0328,0.4304,0.4359,2,0.7704,45.7,36.6,73.6,48.1,False,,False,True,False,False,False,True,True,False,41.3,672,False
2026-10-02,AVTR,Avantor Inc.,Healthcare,Small,9807203328.0,15.34,127377692.0,501,0.8038,0.8135,0.8168,0.2111,0.0446,0.4902,0.4995,3,0.0717,54.5,41.3,83.5,46.1,False,,False,True,False,False,False,True,True,False,41.3,673,False
2026-10-02,DUOL,Duolingo Inc.,Technology,Small,6564038656.0,144.27,162291885.0,501,0.689,0.7133,0.7293,0.1464,0.0214,0.6273,0.6316,1,-0.4803,45.6,32.4,91.7,56.4,False,,False,True,False,False,False,True,True,False,41.3,674,False
2026-10-02,DOCS,Doximity Inc. Class A,Healthcare,Small,4409805824.0,27.93,110067983.0,501,0.7813,0.6754,0.6961,0.1366,0.0187,0.6373,0.6407,3,-0.6274,53.5,30.3,92.2,75.8,False,,False,True,False,False,False,True,True,False,41.3,675,False
2026-10-02,TFX,Teleflex Inc.,Healthcare,Small,5878746624.0,124.12,85004106.0,501,0.6236,0.7086,0.7154,0.2298,0.0528,0.3905,0.3996,3,0.1502,41.5,44.3,66.2,52.9,False,,False,True,False,False,True,True,True,False,41.1,676,False
2026-10-02,CE,Celanese Corp. Class A,Basic Materials,Small,4905777152.0,44.19,83588030.0,501,0.8646,0.5661,0.5895,0.1379,0.019,0.5291,0.532,2,0.1044,58.2,30.7,85.9,39.7,False,,False,True,False,False,False,True,True,False,41.1,677,False
2026-10-02,DBX,Dropbox Inc. Class A,Technology,Small,7567003136.0,33.9,140896441.0,501,0.3472,0.3153,0.3385,0.1073,0.0115,0.3803,0.381,1,0.1687,25.8,26.6,63.8,83.5,False,,False,True,False,False,True,True,True,False,41.1,678,False
2026-10-02,LBTYA,Liberty Global Ltd. Class A,Communication Services,Small,3676923648.0,8.92,25645923.0,501,0.4082,0.4954,0.5074,0.1901,0.0361,0.333,0.3378,1,-0.0777,29.4,38.4,50.9,42.3,False,,False,True,False,False,True,True,True,False,41.1,679,False
2026-10-02,QSR,Restaurant Brands International Inc.,Consumer Cyclical,Mid,37363531776.0,69.91,208087251.0,501,0.2169,0.0983,0.1116,0.0529,0.0028,0.2414,0.2408,0,0.2244,19.0,19.5,18.4,48.1,False,,False,True,False,False,True,True,True,False,41.0,680,False
2026-10-02,SUI,Sun Communities Inc.,Real Estate,Mid,15824411648.0,110.75,198533604.0,501,0.0778,-0.0161,-0.0058,-0.0106,0.0001,0.1971,0.1963,0,-0.0311,12.2,13.4,6.0,61.1,False,,False,True,False,False,True,True,True,False,40.9,681,False
2026-10-02,HII,Huntington Ingalls Industries Inc.,Industrials,Mid,11679522816.0,268.54,142036126.0,501,0.6916,0.7991,0.8017,0.2703,0.0731,0.3703,0.3831,3,0.0263,45.8,49.2,61.3,28.5,False,,False,True,False,False,True,True,True,False,40.9,682,False
2026-10-02,APPF,Appfolio Inc.,Technology,Small,7904364032.0,202.97,72119529.0,501,0.4617,0.4734,0.4948,0.1397,0.0195,0.4366,0.4391,1,-0.1258,32.3,31.2,74.8,70.4,False,,False,True,False,False,False,True,True,False,40.9,683,False
2026-10-02,CINF,Cincinnati Financial Corp.,Financial Services,Mid,26309206016.0,161.95,121347078.0,501,0.1477,-0.0156,-0.0042,-0.0098,0.0001,0.2078,0.207,0,0.0924,16.0,13.5,9.1,54.7,False,,False,True,False,False,True,True,True,False,40.8,684,False
2026-10-02,KVYO,Klaviyo Inc. Class A,Technology,Small,5324188160.0,15.71,104254834.0,501,0.7497,0.5594,0.6011,0.1002,0.01,0.7225,0.7233,1,-0.2576,50.3,26.0,96.5,57.9,False,,False,True,False,False,False,True,True,False,40.8,685,False
2026-10-02,NEE,NextEra Energy Inc.,Utilities,Large,174492090368.0,76.83,940347338.0,501,0.2186,0.1822,0.191,0.1133,0.0128,0.208,0.2085,1,0.0867,19.1,27.4,9.3,40.5,False,,False,True,False,False,True,True,True,False,40.7,686,False
2026-10-02,INVH,Invitation Homes Inc.,Real Estate,Mid,17755914240.0,26.04,125048286.0,501,0.1717,0.0838,0.0939,0.0524,0.0027,0.2079,0.2074,1,0.0278,17.3,19.4,9.2,57.7,False,,False,True,False,False,True,True,True,False,40.7,687,False
2026-10-02,TIGO,Millicom International Cellular SA,Communication Services,Mid,16126994432.0,88.32,106596708.0,501,0.4743,0.3248,0.3501,0.1046,0.0109,0.4017,0.4023,1,1.1868,33.0,26.3,68.3,69.0,False,,False,True,False,False,False,True,True,False,40.7,688,False
2026-10-02,BMRN,BioMarin Pharmaceutical Inc.,Healthcare,Mid,12700374016.0,57.18,124554857.0,501,0.4041,0.4246,0.4403,0.1568,0.0246,0.348,0.351,1,0.2207,28.8,33.4,55.1,53.1,False,,False,True,False,False,True,True,True,False,40.6,689,False
2026-10-02,EXPD,Expeditors International of Washington Inc.,Industrials,Mid,24574728192.0,192.47,198179650.0,501,0.5533,0.5269,0.5362,0.2194,0.0482,0.3049,0.3112,4,0.5478,37.3,42.6,41.6,53.9,False,,False,True,False,False,True,False,True,False,40.5,690,False
2026-10-02,WPC,WP Carey Inc.,Real Estate,Mid,16208486400.0,64.52,96593274.0,501,0.0941,0.0007,0.0082,0.0006,0.0,0.1696,0.1689,1,0.0738,12.8,14.1,1.8,67.6,False,,False,True,False,False,True,True,True,False,40.4,691,False
2026-10-02,NEU,NewMarket Corp.,Basic Materials,Small,8509710336.0,924.06,105764599.0,501,0.5198,0.6367,0.6436,0.2499,0.0624,0.321,0.3302,4,0.097,35.2,47.0,47.7,56.3,False,,False,True,False,False,True,False,True,False,40.4,692,False
2026-10-02,REYN,Reynolds Consumer Products Inc.,Consumer Cyclical,Small,5187566080.0,22.32,32800274.0,501,0.3176,0.25,0.262,0.1262,0.0159,0.2556,0.2566,1,-0.0464,24.2,28.8,24.1,39.3,False,,False,True,False,False,True,True,True,False,40.4,693,False
2026-10-02,ULS,UL Solutions Inc. Class A,Industrials,Mid,15152458752.0,65.99,67773277.0,501,0.7314,0.6431,0.6545,0.1937,0.0375,0.4237,0.4302,5,0.0553,48.7,38.9,72.4,61.9,False,,False,True,False,False,False,False,True,False,40.2,694,False
2026-10-02,SON,Sonoco Products Co.,Consumer Cyclical,Small,5690256384.0,48.74,59983617.0,501,0.5912,0.4409,0.4544,0.1718,0.0295,0.329,0.3326,2,0.3268,38.9,35.5,50.3,35.1,False,,False,True,False,False,True,True,True,False,40.2,695,False
2026-10-02,CHH,Choice Hotels International Inc.,Consumer Cyclical,Small,4998134784.0,102.5,58146120.0,501,0.4776,0.4217,0.4395,0.1464,0.0214,0.3708,0.3734,1,-0.0438,33.4,32.5,61.4,47.6,False,,False,True,False,False,True,True,True,False,40.2,696,False
2026-10-02,SRE,Sempra Energy,Utilities,Large,55300354048.0,78.38,308735288.0,501,0.2357,0.1294,0.1385,0.0828,0.0069,0.2027,0.2026,1,-0.041,19.8,23.9,7.6,38.1,False,,False,True,False,False,True,True,True,False,40.0,697,False
2026-10-02,OMC,Omnicom Group Inc.,Communication Services,Mid,25137547264.0,74.15,234178349.0,501,0.5941,0.39,0.4074,0.1418,0.0201,0.3543,0.3565,2,0.0882,39.1,31.7,57.6,47.2,False,,False,True,False,False,True,True,True,False,40.0,698,False
2026-10-02,QGEN,QIAGEN NV,Healthcare,Small,8953623552.0,44.75,117544560.0,501,0.5824,0.4149,0.4312,0.1521,0.0231,0.3509,0.3536,3,-0.0372,38.2,32.9,55.8,61.4,False,,False,True,False,False,True,True,True,False,39.9,699,False
2026-10-02,PG,Procter & Gamble Co.,Consumer Defensive,Mega,336298967040.0,144.91,1246640791.0,501,0.089,-0.0349,-0.0242,-0.0229,0.0005,0.1987,0.198,0,-0.0078,12.6,12.4,6.6,55.4,False,,False,True,False,False,True,True,True,False,39.8,700,False
2026-10-02,ALNY,Alnylam Pharmaceuticals Inc.,Healthcare,Mid,32124893184.0,219.72,454714516.0,501,0.7146,0.3888,0.4197,0.1053,0.0111,0.4779,0.4787,1,-0.4195,47.6,26.4,81.7,42.2,False,,False,True,False,False,False,True,True,False,39.8,701,False
2026-10-02,WMB,Williams Cos. Inc.,Energy,Large,86221070336.0,70.54,509575428.0,501,0.1807,0.025,0.0398,0.0134,0.0002,0.2428,0.2418,0,0.2073,17.8,15.8,19.3,49.7,False,,False,True,False,False,True,True,True,False,39.7,702,False
2026-10-02,VICI,VICI Properties Inc.,Real Estate,Mid,28947329024.0,22.65,242707725.0,501,0.1226,0.0161,0.0247,0.0114,0.0001,0.1839,0.1832,0,-0.1829,14.0,15.4,3.6,43.4,False,,False,True,False,False,True,True,True,False,39.7,703,False
2026-10-02,AM,Antero Midstream Corp.,Energy,Mid,10722885632.0,20.36,51358814.0,501,0.0215,-0.0827,-0.0705,-0.052,0.0027,0.2069,0.2063,0,0.2134,8.0,9.8,8.8,71.7,False,,False,True,False,False,True,True,True,False,39.7,704,False
2026-10-02,WY,Weyerhaeuser Co.,Real Estate,Mid,17355323392.0,18.47,131865918.0,501,0.404,0.2893,0.3014,0.1401,0.0196,0.2659,0.2675,1,-0.0454,28.7,31.5,28.8,23.1,False,,False,True,False,False,True,True,True,False,39.6,705,False
2026-10-02,BSY,Bentley Systems Inc. Class B,Technology,Mid,11159311360.0,32.23,86537421.0,501,0.435,0.4504,0.4705,0.1415,0.02,0.41,0.4125,1,-0.3254,30.7,31.6,70.0,59.4,False,,False,True,False,False,False,True,True,False,39.6,706,False
2026-10-02,DG,Dollar General Corp.,Consumer Defensive,Mid,27039510528.0,118.94,297588507.0,501,0.4178,0.5769,0.5882,0.2008,0.0403,0.3663,0.3725,1,0.3398,29.7,39.4,60.3,38.6,False,,False,True,False,False,True,True,True,False,39.5,707,False
2026-10-02,NNN,National Retail Properties Inc.,Real Estate,Small,8686731264.0,40.95,74031924.0,501,0.0571,-0.0193,-0.0118,-0.015,0.0002,0.1676,0.1669,0,0.1091,10.5,12.7,1.4,52.5,False,,False,True,False,False,True,True,True,False,39.5,708,False
2026-10-02,SPGI,S&P Global Inc.,Financial Services,Large,127144296448.0,386.27,819732634.0,501,0.4533,0.3272,0.342,0.1382,0.0191,0.3051,0.3069,3,-0.0442,31.6,30.9,41.8,62.7,False,,False,True,False,False,True,True,True,False,39.4,709,False
2026-10-02,AIZ,Assurant Inc.,Financial Services,Mid,14230401024.0,267.32,103090076.0,501,0.2752,0.1594,0.1699,0.093,0.0086,0.2222,0.2222,2,0.3252,22.1,25.2,13.1,48.8,False,,False,True,False,False,True,True,True,False,39.4,710,False
2026-10-02,ASND,Ascendis Pharma A/S,Healthcare,Mid,16414606336.0,227.87,161546724.0,501,0.4949,0.2777,0.3034,0.0927,0.0086,0.3879,0.3881,1,0.3096,33.9,25.1,65.8,57.5,False,,False,True,False,False,True,True,True,False,39.4,711,False
2026-10-02,VRSN,VeriSign Inc.,Technology,Mid,26555000832.0,288.32,217799342.0,501,0.1507,0.0458,0.0666,0.0204,0.0004,0.2923,0.2912,1,0.0678,16.1,17.0,36.7,82.4,False,,False,True,False,False,True,True,True,False,39.2,712,False
2026-10-02,BALL,Ball Corp.,Consumer Cyclical,Mid,16954251264.0,56.37,116297574.0,501,0.359,0.1792,0.1928,0.0899,0.0081,0.2582,0.2582,1,0.2717,26.2,24.6,25.3,34.6,False,,False,True,False,False,True,True,True,False,39.2,713,False
2026-10-02,OGE,OGE Energy Corp.,Utilities,Small,9616358400.0,45.34,72245347.0,501,0.0772,-0.0157,-0.0082,-0.0122,0.0001,0.1681,0.1675,0,0.0543,12.1,13.2,1.5,45.7,False,,False,True,False,False,True,True,True,False,39.2,714,False
2026-10-02,MTG,MGIC Investment Corp.,Financial Services,Small,6418356224.0,26.95,58564128.0,501,0.3158,0.151,0.164,0.0793,0.0063,0.247,0.2467,3,0.1295,23.6,23.6,20.6,71.2,False,,False,True,False,False,True,True,True,False,39.2,715,False
2026-10-02,INGR,Ingredion Inc.,Consumer Defensive,Small,6605321216.0,95.33,64338487.0,501,0.1659,0.0916,0.099,0.0665,0.0044,0.1787,0.1784,1,-0.1365,17.0,21.0,3.2,40.1,False,,False,True,False,False,True,True,True,False,39.2,716,False
2026-10-02,FRPT,Freshpet Inc.,Consumer Defensive,Small,3599068928.0,60.26,77481780.0,501,0.7732,0.4747,0.5019,0.1236,0.0153,0.4961,0.4979,2,0.308,52.3,28.2,83.9,42.6,False,,False,True,False,False,False,True,True,False,39.2,717,False
2026-10-02,BR,Broadridge Financial Solutions Inc.,Technology,Mid,20706359296.0,156.93,183078934.0,501,0.3374,0.0977,0.117,0.0436,0.0019,0.2911,0.2902,0,-0.2284,25.0,18.9,36.5,40.8,False,,False,True,False,False,True,True,True,False,39.1,718,False
2026-10-02,IBM,International Business Machines Corp.,Technology,Mega,222042226688.0,222.64,1891870858.0,501,0.7645,0.8825,0.8812,0.235,0.0552,0.4749,0.4867,4,-0.1702,51.8,45.1,81.1,44.8,False,,False,True,False,False,False,False,True,False,39.0,719,False
2026-10-02,MTN,Vail Resorts Inc.,Consumer Cyclical,Small,5299418112.0,141.16,110202323.0,501,0.4961,0.4641,0.4804,0.16,0.0256,0.3726,0.376,1,-0.0573,34.0,33.8,61.8,35.9,False,,False,True,False,False,True,True,True,False,39.0,720,False
2026-10-02,SYK,Stryker Corp.,Healthcare,Large,126368145408.0,275.43,806597910.0,501,0.3165,0.1527,0.1712,0.067,0.0045,0.2959,0.2954,1,-0.1359,23.9,21.1,38.0,56.6,False,,False,True,False,False,True,True,True,False,38.9,721,False
2026-10-02,EQT,EQT Corp.,Energy,Mid,33777864704.0,50.17,374380807.0,501,0.1745,0.1552,0.1749,0.0658,0.0043,0.3064,0.3059,1,0.0044,17.5,20.9,42.4,75.8,False,,False,True,False,False,True,True,True,False,38.9,722,False
2026-10-02,WELL,Welltower Inc.,Real Estate,Large,172375244800.0,227.71,664097374.0,501,0.0614,-0.0109,0.0028,-0.0062,0.0,0.2281,0.2272,0,0.3497,11.1,13.6,15.0,58.2,False,,False,True,False,False,True,True,True,False,38.8,723,False
2026-10-02,TSCO,Tractor Supply Co.,Consumer Cyclical,Mid,18241613824.0,31.09,333644817.0,501,0.4587,0.3912,0.4057,0.1562,0.0244,0.3219,0.3246,1,-0.3616,32.1,33.3,48.4,26.4,False,,False,True,False,False,True,True,True,False,38.8,724,False
2026-10-02,DOX,Amdocs Ltd.,Technology,Small,6499833856.0,58.12,64599515.0,501,0.3293,0.2935,0.3074,0.1323,0.0175,0.2861,0.2874,2,-0.2108,24.7,29.6,34.4,52.0,False,,False,True,False,False,True,True,True,False,38.7,725,False
2026-10-02,CRM,salesforce.com Inc.,Technology,—,,234.69,2911291238.0,501,0.4568,0.4624,0.488,0.1262,0.0159,0.4731,0.475,1,0.0974,31.9,28.6,80.9,66.1,False,,False,True,False,False,False,True,True,False,38.6,726,False
2026-10-02,TXRH,Texas Roadhouse Inc. Class A,Consumer Cyclical,Mid,13382873088.0,156.14,172915919.0,501,0.3014,0.3067,0.3219,0.1305,0.017,0.3032,0.3046,1,0.1919,22.8,29.4,40.9,45.8,False,,False,True,False,False,True,True,True,False,38.6,727,False
2026-10-02,BRK-B,Berkshire Hathaway Inc. Class B,Financial Services,Mega,1061406703616.0,502.65,2186864083.0,501,0.1237,0.0122,0.0178,0.0109,0.0001,0.1464,0.1458,1,0.0141,14.1,15.3,0.0,48.2,False,,False,True,False,False,True,True,True,False,38.5,728,False
2026-10-02,ABBV,AbbVie Inc.,Healthcare,Mega,468215398400.0,262.82,1247624573.0,501,0.0312,-0.1128,-0.0938,-0.0574,0.0033,0.2553,0.2547,0,0.1042,8.6,9.4,23.8,77.3,False,,False,True,False,False,True,True,True,False,38.4,729,False
2026-10-02,LHX,L3Harris Technologies Inc.,Industrials,Mid,48942788608.0,236.6,419334304.0,501,0.3164,0.2631,0.2774,0.1205,0.0145,0.2822,0.2831,1,-0.1201,23.8,28.1,33.5,37.1,False,,False,True,False,False,True,True,True,False,38.4,730,False
2026-10-02,FISV,Fiserv Inc.,—,Mid,27885846528.0,44.36,375474343.0,500,0.5984,0.6193,0.6416,0.1389,0.0193,0.5748,0.5782,1,-0.5968,39.8,31.1,88.9,50.0,True,,False,True,False,False,False,True,True,False,38.4,731,False
2026-10-02,MAT,Mattel Inc.,Consumer Cyclical,Small,4351211008.0,15.27,73187134.0,501,0.6064,0.6448,0.6563,0.192,0.0369,0.4288,0.4351,2,-0.1528,40.4,38.7,73.1,36.9,False,,False,True,False,False,False,True,True,False,38.4,732,False
2026-10-02,IDA,IDACORP Inc.,Utilities,Small,7989721600.0,132.79,73864662.0,501,0.1006,0.0245,0.0325,0.018,0.0003,0.1775,0.1768,0,0.0543,13.1,16.6,3.0,33.3,False,,False,True,False,False,True,True,True,False,38.3,733,False
2026-10-02,CBC,Central BanCo Inc.,Financial Services,Small,7750386176.0,32.03,32340420.0,216,0.4047,0.4345,0.442,0.2448,0.0599,0.22,0.2258,0,,28.9,46.3,12.1,23.0,False,,True,True,False,False,True,False,True,False,38.3,734,False
2026-10-02,ZTS,Zoetis Inc.,Healthcare,Mid,31938054144.0,69.69,411013351.0,501,0.4275,0.5505,0.5631,0.1895,0.0359,0.3711,0.3765,2,-0.4717,30.3,38.1,61.5,47.9,False,,False,True,False,False,True,True,True,False,38.1,735,False
2026-10-02,AHR,American Healthcare REIT Inc.,Real Estate,Mid,12460809216.0,50.75,155952239.0,501,0.1395,0.0132,0.0301,0.0067,0.0,0.258,0.257,0,0.3611,15.6,14.7,25.2,51.5,False,,False,True,False,False,True,True,True,False,38.1,736,False
2026-10-02,GFL,GFL Environmental Inc.,Industrials,Mid,14911988736.0,41.98,110321042.0,501,0.4772,0.2693,0.2842,0.1197,0.0143,0.2906,0.2915,2,-0.0859,33.3,28.0,36.3,32.6,False,,False,True,False,False,True,True,True,False,38.1,737,False
2026-10-02,SLGN,Silgan Holdings Inc.,Consumer Cyclical,Small,4541156352.0,34.87,53623058.0,501,0.5903,0.5357,0.546,0.2087,0.0435,0.3267,0.3328,3,-0.0203,38.7,40.8,49.5,28.4,False,,False,True,False,False,True,True,True,False,38.1,738,False
2026-10-02,CLX,Clorox Co.,Consumer Defensive,Mid,12604639232.0,80.41,272517385.0,501,0.4343,0.314,0.3297,0.1303,0.017,0.311,0.3124,1,-0.1958,30.6,29.3,44.2,27.4,False,,False,True,False,False,True,True,True,False,38.0,739,False
2026-10-02,HAL,Halliburton Co.,Energy,Mid,28236443648.0,31.85,379149070.0,501,0.406,0.2377,0.2605,0.0876,0.0077,0.352,0.3519,1,0.5418,29.1,24.5,56.6,50.5,False,,False,True,False,False,True,True,True,False,37.9,740,False
2026-10-02,WTM,White Mountains Insurance Group Ltd.,Financial Services,Small,5090255360.0,2020.92,41703919.0,501,0.1685,0.125,0.1361,0.0725,0.0053,0.2238,0.2235,2,0.2758,17.1,22.0,13.7,56.6,False,,False,True,False,False,True,True,True,False,37.9,741,False
2026-10-02,CAR,Avis Budget Group Inc.,Industrials,Small,5086908416.0,111.22,58747565.0,501,0.8516,0.7316,0.7621,0.0952,0.0091,0.9953,0.9959,2,-0.1331,57.6,25.5,99.7,41.9,False,,False,True,False,False,False,True,True,False,37.9,742,False
2026-10-02,EVRG,Evergy Inc.,Utilities,Mid,18770475008.0,79.17,175516412.0,501,0.0515,-0.0281,-0.021,-0.0226,0.0005,0.1617,0.1611,0,0.0965,10.2,12.5,0.8,41.1,False,,False,True,False,False,True,True,True,False,37.7,743,False
2026-10-02,GME,GameStop Corp. Class A,Consumer Cyclical,Small,8062981632.0,24.7,152199261.0,501,0.6128,0.5737,0.5858,0.1931,0.0373,0.3793,0.3851,2,-0.3149,40.8,38.8,63.5,21.9,False,,False,True,False,False,True,True,True,False,37.7,744,False
2026-10-02,JNJ,Johnson & Johnson,Healthcare,Mega,651250958336.0,256.03,1848429457.0,501,-0.0849,-0.177,-0.1657,-0.1205,0.0145,0.1898,0.1905,0,0.5126,4.1,5.7,4.6,69.8,False,2026-10-13,False,True,False,False,True,False,True,False,37.6,745,False
2026-10-02,TJX,TJX Cos. Inc.,Consumer Cyclical,Large,155244101632.0,132.68,996133408.0,501,0.2634,0.1211,0.1311,0.0744,0.0055,0.2111,0.2108,2,-0.079,21.6,22.4,10.3,40.2,False,,False,True,False,False,True,True,True,False,37.6,746,False
2026-10-02,LLY,Eli Lilly & Co.,Healthcare,Mega,1119492112384.0,1142.85,2941922368.0,501,0.379,0.2824,0.3026,0.1064,0.0113,0.3434,0.344,2,0.4143,27.4,26.5,54.1,62.5,False,,False,True,False,False,True,True,True,False,37.5,747,False
2026-10-02,CCI,Crown Castle International Corp.,Real Estate,Mid,32504795136.0,66.44,265452581.0,501,0.1718,0.1468,0.1659,0.0637,0.0041,0.2994,0.2988,1,-0.1837,17.4,20.6,39.5,64.4,False,,False,True,False,False,True,True,True,False,37.5,748,False
2026-10-02,ES,Eversource Energy,Utilities,Mid,26755207168.0,64.5,157850438.0,501,0.2086,0.0691,0.0828,0.0374,0.0014,0.2403,0.2395,1,0.0173,18.5,18.3,18.2,44.5,False,,False,True,False,False,True,True,True,False,37.5,749,False
2026-10-02,DAR,Darling Ingredients Inc.,Consumer Defensive,Small,9862681600.0,62.94,149590903.0,501,0.3546,0.2847,0.3048,0.1073,0.0115,0.3434,0.344,1,1.1569,26.0,26.7,54.0,48.2,False,,False,True,False,False,True,True,True,False,37.4,750,False
2026-10-02,YUM,Yum! Brands Inc.,Consumer Cyclical,Mid,42940989440.0,136.12,370817729.0,501,0.1957,0.0336,0.0485,0.0178,0.0003,0.2448,0.2439,1,0.0016,18.2,16.5,20.0,48.7,False,,False,True,False,False,True,True,True,False,37.3,751,False
2026-10-02,WDAY,Workday Inc. Class A,Technology,Mid,48016580608.0,186.14,708418622.0,501,0.5045,0.3622,0.4028,0.0874,0.0076,0.5374,0.5373,1,-0.135,34.4,24.4,86.6,64.6,False,,False,True,False,False,False,True,True,False,37.3,752,False
2026-10-02,IONS,Ionis Pharmaceuticals Inc.,Healthcare,Mid,10529438720.0,43.54,207015576.0,501,0.662,0.4473,0.4681,0.1387,0.0192,0.4156,0.418,1,-0.0679,44.1,31.0,70.7,15.0,False,,False,True,False,False,False,True,False,False,37.3,753,False
2026-10-02,ADC,Agree Realty Corp.,Real Estate,Small,9188632576.0,65.88,105216941.0,501,-0.0897,-0.2036,-0.1953,-0.1632,0.0266,0.1601,0.1617,0,0.0527,3.5,3.2,0.5,69.0,False,,False,True,False,False,True,True,True,False,37.3,754,False
2026-10-02,HIG,Hartford Financial Services Group Inc.,Financial Services,Mid,37645791232.0,126.05,220484603.0,501,0.0329,-0.0943,-0.0828,-0.0615,0.0038,0.1992,0.1988,0,0.0509,8.8,8.9,6.9,52.9,False,,False,True,False,False,True,True,True,False,37.2,755,False
2026-10-02,CPRT,Copart Inc.,Industrials,Mid,32107071488.0,27.22,321775028.0,501,0.2712,0.1274,0.1485,0.0532,0.0028,0.3111,0.3103,1,-0.2868,22.0,19.6,44.4,58.6,False,,False,True,False,False,True,True,True,False,37.2,756,False
2026-10-02,PPL,PPL Corp.,Utilities,Mid,26331545600.0,32.8,259288844.0,501,0.0703,-0.0315,-0.0229,-0.023,0.0005,0.1786,0.1779,0,-0.0335,11.5,12.2,3.1,36.3,False,,False,True,False,False,True,True,True,False,37.1,757,False
2026-10-02,FIS,Fidelity National Information Services Inc.,Technology,Mid,20918099968.0,32.44,246278374.0,501,0.3662,0.3571,0.3732,0.14,0.0196,0.3285,0.3305,1,-0.3539,26.7,31.4,50.0,32.8,False,,False,True,False,False,True,True,True,False,37.1,758,False
2026-10-02,WLK,Westlake Chemical Corp.,Basic Materials,Small,9534900224.0,63.5,68803972.0,501,0.5968,0.6279,0.6407,0.1841,0.0339,0.4362,0.442,2,0.0205,39.7,37.2,74.6,33.7,False,,False,True,False,False,False,True,True,False,37.1,759,False
2026-10-02,INTU,Intuit Inc.,Technology,Large,100388077568.0,281.08,1243251843.0,501,0.4539,0.2976,0.3367,0.0782,0.0061,0.4939,0.4934,1,-0.4896,31.7,23.3,83.7,67.9,False,,False,True,False,False,False,True,True,False,37.0,760,False
2026-10-02,CMG,Chipotle Mexican Grill Inc. Class A,Consumer Cyclical,Mid,48111194112.0,32.36,563736005.0,501,0.5328,0.7015,0.7095,0.2153,0.0464,0.414,0.4222,3,-0.0115,36.2,42.0,70.4,46.0,False,,False,True,False,False,False,True,True,False,37.0,761,False
2026-10-02,AIG,American International Group Inc.,Financial Services,Mid,40461471744.0,74.93,291886091.0,501,0.1699,0.0473,0.0617,0.0253,0.0006,0.243,0.2421,1,-0.027,17.2,17.3,19.4,47.2,False,,False,True,False,False,True,True,True,False,37.0,762,False
2026-10-02,THC,Tenet Healthcare Corp.,Healthcare,Mid,21891506176.0,258.62,238979065.0,501,0.6167,0.4981,0.5176,0.1487,0.0221,0.431,0.4341,3,0.284,41.1,32.7,73.8,53.3,False,,False,True,False,False,False,True,True,False,37.0,763,False
2026-10-02,CHRW,CH Robinson Worldwide Inc.,Industrials,Mid,17729841152.0,157.72,280510574.0,501,0.6978,0.6369,0.6495,0.1852,0.0343,0.4398,0.4458,3,0.1064,46.5,37.4,75.2,34.5,False,,False,True,False,False,False,True,True,False,37.0,764,False
2026-10-02,CMCSA,Comcast Corp. Class A,Communication Services,Large,95280898048.0,21.57,695407900.0,501,0.334,0.1448,0.1667,0.0585,0.0034,0.3215,0.3208,1,-0.0408,24.9,20.0,48.3,52.9,False,,False,True,False,False,True,True,True,False,36.9,765,False
2026-10-02,MDGL,Madrigal Pharmaceuticals Inc.,Healthcare,Mid,12450351104.0,499.4,153517451.0,501,0.6251,0.3032,0.3332,0.0911,0.0083,0.431,0.4311,2,0.2177,41.6,25.0,73.9,48.0,False,,False,True,False,False,False,True,True,False,36.9,766,False
2026-10-02,HUM,Humana Inc.,Healthcare,Mid,46424244224.0,388.36,465551693.0,501,0.5229,0.5584,0.5772,0.1546,0.0239,0.4645,0.4682,1,0.6426,35.7,33.1,79.5,36.3,False,,False,True,False,False,False,True,True,False,36.8,767,False
2026-10-02,TTEK,Tetra Tech Inc.,Industrials,Small,9368666112.0,33.12,87533483.0,501,0.4926,0.3566,0.3768,0.125,0.0156,0.3684,0.3698,2,0.0908,33.8,28.4,60.9,46.4,False,,False,True,False,False,True,True,True,False,36.8,768,False
2026-10-02,WEX,WEX Inc.,Technology,Small,6767926784.0,169.1,118180634.0,501,0.5223,0.4174,0.4382,0.1342,0.018,0.4009,0.403,2,0.2081,35.6,29.9,68.2,47.6,False,,False,True,False,False,False,True,True,False,36.8,769,False
2026-10-02,WU,Western Union Co.,Financial Services,Small,2264241408.0,6.0,69223480.0,501,0.629,0.478,0.4938,0.1638,0.0268,0.3747,0.3784,3,-0.0195,42.0,34.4,62.3,35.5,False,,False,True,False,False,True,True,True,False,36.8,770,False
2026-10-02,FLUT,Flutter Entertainment plc,Consumer Cyclical,Mid,17017243648.0,74.81,284122784.0,501,0.6375,0.7567,0.7636,0.2023,0.0409,0.4766,0.4848,2,-0.596,42.7,39.9,81.4,26.3,False,,False,True,False,False,False,True,True,False,36.7,771,False
2026-10-02,AES,AES Corp./VA,Utilities,Mid,10508951552.0,14.91,114699663.0,501,0.4064,0.3802,0.3911,0.1771,0.0314,0.2749,0.2782,3,0.0108,29.2,36.0,31.2,31.1,False,,False,True,False,False,True,True,True,False,36.7,772,False
2026-10-02,TRV,Travelers Cos. Inc.,Financial Services,Large,75833704448.0,360.38,623502216.0,501,0.0741,-0.1053,-0.0925,-0.0653,0.0043,0.2094,0.209,1,0.3364,11.9,8.8,10.1,61.4,False,,False,True,False,False,True,True,True,False,36.6,773,False
2026-10-02,USFD,US Foods Holding Corp.,Consumer Defensive,Mid,23556251648.0,96.92,236079549.0,501,0.3415,0.182,0.2003,0.0785,0.0062,0.3007,0.3004,1,0.3922,25.2,23.5,40.0,36.2,False,,False,True,False,False,True,True,True,False,36.6,774,False
2026-10-02,CLH,Clean Harbors Inc.,Industrials,Mid,16557776896.0,318.51,135985715.0,501,0.3524,0.2886,0.3016,0.1347,0.0182,0.2762,0.2776,3,0.3821,25.9,30.0,31.5,48.3,False,,False,True,False,False,True,True,True,False,36.6,775,False
2026-10-02,LDOS,Leidos Holdings Inc.,Technology,Mid,17246392320.0,117.74,171214737.0,501,0.4666,0.3811,0.3977,0.1433,0.0205,0.3426,0.3448,2,-0.2961,32.7,31.9,53.7,34.1,False,,False,True,False,False,True,True,True,False,36.5,776,False
2026-10-02,XEL,Xcel Energy Inc.,Utilities,Mid,48302972928.0,71.4,397095299.0,501,0.1431,0.0184,0.0275,0.0127,0.0002,0.1883,0.1876,1,-0.0383,15.8,15.6,4.4,34.4,False,,False,True,False,False,True,True,True,False,36.4,777,False
2026-10-02,FE,FirstEnergy Corp.,Utilities,Mid,26966460416.0,43.34,200269049.0,501,0.0254,-0.0679,-0.0605,-0.0547,0.003,0.1614,0.161,0,0.0474,8.2,9.5,0.7,41.6,False,,False,True,False,False,True,True,True,False,36.4,778,False
2026-10-02,L,Loews Corp.,Financial Services,Mid,22652635136.0,106.03,94178020.0,501,0.0876,0.0024,0.0092,0.0019,0.0,0.1619,0.1612,1,0.0903,12.5,14.2,0.9,41.0,False,,False,True,False,False,True,True,True,False,36.4,779,False
2026-10-02,ELV,Anthem Inc.,Healthcare,Large,86864830464.0,386.43,477017331.0,501,0.3801,0.3136,0.3331,0.1167,0.0136,0.3473,0.3483,1,0.2389,27.6,27.8,54.9,36.1,False,,False,True,False,False,True,True,True,False,36.3,780,False
2026-10-02,KMI,Kinder Morgan Inc./DE,Energy,Large,68969603072.0,31.07,346556862.0,501,0.0291,-0.1204,-0.1076,-0.075,0.0056,0.2083,0.2081,0,0.1751,8.4,7.9,9.5,51.8,False,,False,True,False,False,True,True,True,False,36.3,781,False
2026-10-02,CHD,Church & Dwight Co. Inc.,Consumer Defensive,Mid,24327630848.0,94.31,177938076.0,501,0.0659,-0.0471,-0.0331,-0.0271,0.0007,0.2263,0.2255,1,0.1443,11.3,11.8,14.4,60.4,False,,False,True,False,False,True,True,True,False,36.3,782,False
2026-10-02,ELS,Equity LifeStyle Properties Inc.,Real Estate,Mid,12963031040.0,58.25,97557452.0,501,-0.0424,-0.1852,-0.1753,-0.135,0.0182,0.1769,0.1778,0,0.0622,5.4,4.8,2.9,57.7,False,,False,True,False,False,True,True,True,False,36.3,783,False
2026-10-02,PEN,Penumbra Inc.,Healthcare,Mid,12724753408.0,317.55,109729294.0,501,0.25,0.0145,0.0346,0.0067,0.0,0.2817,0.2806,2,0.2931,20.8,14.8,33.2,67.7,False,,False,True,False,False,True,True,True,False,36.2,784,False
2026-10-02,DTE,DTE Energy Co.,Utilities,Mid,28329109504.0,124.45,203235555.0,501,0.063,-0.0192,-0.0113,-0.0145,0.0002,0.1724,0.1718,0,-0.005,11.2,12.8,2.5,29.3,False,,False,True,False,False,True,True,True,False,36.1,785,False
2026-10-02,PRMB,Primo Brands Corp. Class A,Consumer Defensive,Small,8317466112.0,19.51,87617233.0,501,0.7191,0.8821,0.8808,0.2322,0.0539,0.4807,0.4923,4,0.0292,47.8,44.8,82.2,36.9,False,,False,True,False,False,False,False,True,False,36.1,786,False
2026-10-02,UNH,UnitedHealth Group Inc.,Healthcare,Mega,350160715776.0,371.9,1950845128.0,501,0.3813,0.425,0.44,0.1603,0.0257,0.3406,0.3437,2,0.1708,27.8,33.9,52.9,38.5,False,2026-10-13,False,True,False,False,True,False,True,False,36.0,787,False
2026-10-02,EXE,Expand Energy Corp.,Energy,Mid,22645403648.0,85.52,304191180.0,501,0.0781,0.0337,0.0577,0.014,0.0002,0.313,0.3118,0,-0.0698,12.3,16.0,45.0,63.2,False,,False,True,False,False,True,True,True,False,36.0,788,False
2026-10-02,AFG,American Financial Group Inc./OH,Financial Services,Mid,12021125120.0,139.1,54324130.0,501,0.0591,-0.0782,-0.0682,-0.0541,0.0029,0.1877,0.1873,0,0.0251,10.8,9.6,4.3,36.6,False,,False,True,False,False,True,True,True,False,36.0,789,False
2026-10-02,VNOM,Viper Energy Inc. Class A,Energy,Mid,23175843840.0,40.64,71570431.0,501,0.0361,-0.1559,-0.1321,-0.0723,0.0052,0.28,0.2796,0,0.2338,8.9,8.2,32.8,71.9,False,,False,True,False,False,True,True,True,False,36.0,790,False
2026-10-02,HCA,HCA Healthcare Inc.,Healthcare,Large,95222513664.0,426.69,607283144.0,501,0.263,0.1724,0.1921,0.0722,0.0052,0.3101,0.3097,1,-0.0516,21.2,21.9,43.5,46.8,False,,False,True,False,False,True,True,True,False,35.9,791,False
2026-10-02,FOXA,Fox Corp. Class A,Communication Services,Mid,29262446592.0,62.28,314346121.0,501,0.4182,0.1106,0.1378,0.0411,0.0017,0.3502,0.3491,1,0.1012,29.8,18.6,55.6,44.7,False,,False,True,False,False,True,True,True,False,35.9,792,False
2026-10-02,MSI,Motorola Solutions Inc.,Technology,Large,79688572928.0,447.41,417269448.0,501,0.3376,0.1428,0.1574,0.0712,0.0051,0.2602,0.2599,3,0.0576,25.1,21.8,26.2,52.4,False,,False,True,False,False,True,True,True,False,35.7,793,False
2026-10-02,AFL,Aflac Inc.,Financial Services,Large,59258777600.0,111.54,245466108.0,501,-0.0078,-0.1626,-0.1537,-0.1242,0.0154,0.169,0.1697,0,0.0807,6.5,5.5,1.7,48.6,False,,False,True,False,False,True,True,True,False,35.7,794,False
2026-10-02,KHC,Kraft Heinz Co.,Consumer Defensive,Mid,30025056256.0,22.19,415163759.0,501,0.0742,-0.0901,-0.0698,-0.0439,0.0019,0.2671,0.2663,0,0.0508,12.0,10.7,29.1,54.5,False,,False,True,False,False,True,True,True,False,35.7,795,False
2026-10-02,AEE,Ameren Corp.,Utilities,Mid,29575165952.0,99.94,169317579.0,501,0.0195,-0.0949,-0.0864,-0.072,0.0052,0.1709,0.1707,0,0.0455,7.8,8.3,2.3,40.8,False,,False,True,False,False,True,True,True,False,35.6,796,False
2026-10-02,SBAC,SBA Communications Corp. Class A,Real Estate,Mid,19904251904.0,158.49,173438165.0,501,0.2017,0.104,0.1304,0.0393,0.0015,0.3437,0.3426,1,-0.0032,18.4,18.4,54.2,68.1,False,,False,True,False,False,True,True,True,False,35.6,797,False
2026-10-02,FOX,Fox Corp. Class B,Communication Services,Mid,26163824640.0,55.89,65083831.0,501,0.3951,0.0647,0.0917,0.0249,0.0006,0.3382,0.337,1,0.0883,28.3,17.2,52.2,44.3,False,,False,True,False,False,True,True,True,False,35.5,798,False
2026-10-02,LNT,Alliant Energy Corp.,Utilities,Mid,17869901824.0,64.33,174439093.0,501,0.0421,-0.0735,-0.0657,-0.0574,0.0033,0.1663,0.1659,0,0.0408,9.6,9.3,1.3,32.5,False,,False,True,False,False,True,True,True,False,35.4,799,False
2026-10-02,PNW,Pinnacle West Capital Corp.,Utilities,Mid,11960954880.0,95.92,115902626.0,501,0.0364,-0.1302,-0.122,-0.102,0.0104,0.1653,0.1655,0,0.1471,9.0,6.6,1.1,38.2,False,,False,True,False,False,True,True,True,False,35.4,800,False
2026-10-02,AMT,American Tower Corp.,Real Estate,Large,81915781120.0,162.2,445505542.0,501,0.0421,-0.0724,-0.053,-0.0358,0.0013,0.2629,0.2621,0,-0.0791,9.5,11.0,27.3,55.4,False,,False,True,False,False,True,True,True,False,35.3,801,False
2026-10-02,MORN,Morningstar Inc.,Financial Services,Small,7969383424.0,183.55,66321630.0,501,0.3069,0.0821,0.1197,0.0263,0.0007,0.4069,0.4055,0,-0.0663,23.1,17.4,69.3,55.1,False,,False,True,False,False,False,True,True,False,35.3,802,False
2026-10-02,COST,Costco Wholesale Corp.,Consumer Defensive,Mega,420302618624.0,920.65,1965516712.0,501,0.0479,-0.109,-0.0974,-0.0712,0.0051,0.1988,0.1985,0,0.018,10.0,8.4,6.7,37.3,False,,False,True,False,False,True,True,True,False,35.2,803,False
2026-10-02,NFLX,Netflix Inc.,Communication Services,Mega,331407949824.0,67.06,2735558436.0,501,0.4768,0.3105,0.3318,0.1106,0.0122,0.3631,0.3639,3,-0.2934,33.2,27.2,59.9,54.6,False,,False,True,False,False,True,True,True,False,35.1,804,False
2026-10-02,NFG,National Fuel Gas Co.,Energy,Small,7938166272.0,76.43,55640409.0,501,-0.0405,-0.1858,-0.1734,-0.1213,0.0147,0.1978,0.1985,0,-0.0825,5.6,5.6,6.4,50.7,False,,False,True,False,False,True,True,True,False,35.0,805,False
2026-10-02,HUBS,HubSpot Inc.,Technology,Mid,12136293376.0,214.53,398101442.0,501,0.6972,0.5691,0.6104,0.1006,0.0101,0.7326,0.7334,3,-0.4423,46.4,26.1,96.7,60.6,False,,False,True,False,False,False,True,True,False,34.9,806,False
2026-10-02,PCTY,Paylocity Holding Corp.,Technology,Small,8417846272.0,144.47,98963365.0,501,0.2296,-0.0408,0.0039,-0.0129,0.0002,0.413,0.4114,0,0.0097,19.6,13.1,70.1,68.4,False,,False,True,False,False,False,True,True,False,34.9,807,False
2026-10-02,FDS,FactSet Research Systems Inc.,Financial Services,Mid,10507840512.0,266.0,241443003.0,501,0.3085,0.0517,0.1034,0.0143,0.0002,0.4721,0.4702,0,0.0866,23.3,16.1,80.6,64.9,False,,False,True,False,False,False,True,True,False,34.8,808,False
2026-10-02,ATO,Atmos Energy Corp.,Utilities,Mid,28315721728.0,157.17,172040874.0,501,-0.0735,-0.1604,-0.153,-0.1346,0.0181,0.1536,0.1544,0,0.0129,4.6,4.9,0.1,45.7,False,,False,True,False,False,True,True,True,False,34.7,809,False
2026-10-02,DPZ,Domino's Pizza Inc.,Consumer Cyclical,Mid,11398642688.0,297.62,281231649.0,501,0.2488,0.1008,0.1223,0.0426,0.0018,0.3079,0.3069,1,-0.1779,20.7,18.8,43.0,44.4,False,2026-10-13,False,True,False,False,True,False,True,False,34.7,810,False
2026-10-02,CZR,Caesars Entertainment Inc.,Consumer Cyclical,Small,6044036608.0,29.65,118435636.0,501,0.6843,0.6382,0.6515,0.1798,0.0323,0.4544,0.4601,4,0.1441,45.1,36.3,78.6,44.3,False,,False,True,False,False,False,False,True,False,34.7,811,False
2026-10-02,D,Dominion Energy Inc.,Utilities,Large,58585223168.0,61.31,287997789.0,501,0.103,-0.072,-0.0605,-0.0463,0.0021,0.202,0.2014,1,0.1196,13.2,10.6,7.4,39.6,False,,False,True,False,False,True,True,True,False,34.6,812,False
2026-10-02,ADM,Archer-Daniels-Midland Co.,Consumer Defensive,Mid,37669724160.0,80.45,301986667.0,501,0.1428,-0.0227,-0.0027,-0.0107,0.0001,0.2748,0.2737,0,0.4831,15.7,13.3,31.1,36.2,False,,False,True,False,False,True,True,True,False,34.6,813,False
2026-10-02,NOC,Northrop Grumman Corp.,Industrials,Large,78032379904.0,478.0,445021399.0,501,0.1125,0.07,0.0878,0.0332,0.0011,0.2743,0.2734,0,-0.1207,13.7,18.1,31.0,32.2,False,,False,True,False,False,True,True,True,False,34.5,814,False
2026-10-02,WEC,WEC Energy Group Inc.,Utilities,Mid,35054874624.0,101.59,259918995.0,501,-0.0,-0.0994,-0.092,-0.0805,0.0065,0.1602,0.1601,0,-0.0323,6.7,7.3,0.6,36.0,False,,False,True,False,False,True,True,True,False,34.5,815,False
2026-10-02,VSNT,Versant Media Group Inc.,Communication Services,Small,5465209344.0,30.94,61933065.0,201,0.4522,0.4811,0.5049,0.149,0.0222,0.4146,0.4172,2,,31.5,32.8,70.6,72.4,False,,True,True,False,False,False,False,True,False,34.5,816,False
2026-10-02,AEP,American Electric Power Co. Inc.,Utilities,Large,66405593088.0,119.57,481807431.0,501,0.0393,-0.0284,-0.0187,-0.0195,0.0004,0.1896,0.1888,1,0.13,9.4,12.6,4.5,41.0,False,,False,True,False,False,True,True,True,False,34.4,817,False
2026-10-02,AGO,Assured Guaranty Ltd.,Financial Services,Small,3338461952.0,68.47,31339344.0,501,0.3141,0.1247,0.137,0.0685,0.0047,0.2362,0.2358,3,-0.0915,23.4,21.4,17.2,39.9,False,,False,True,False,False,True,True,True,False,34.4,818,False
2026-10-02,MKL,Markel Corp.,Financial Services,Mid,22412195840.0,1737.18,122405819.0,501,0.244,0.0894,0.0983,0.0595,0.0035,0.195,0.1946,3,-0.0368,20.3,20.1,5.8,36.9,False,,False,True,False,False,True,True,True,False,34.3,819,False
2026-10-02,AZO,AutoZone Inc.,Consumer Cyclical,Mid,49130176512.0,2792.03,805677429.0,501,0.1959,0.1055,0.1252,0.0465,0.0022,0.2953,0.2944,1,-0.3092,18.3,19.1,37.7,41.5,False,,False,True,False,False,True,True,True,False,34.2,820,False
2026-10-02,ROP,Roper Technologies Inc.,Technology,Mid,41094303744.0,354.32,310683832.0,501,0.1583,0.0399,0.0614,0.0175,0.0003,0.2967,0.2955,1,-0.1577,16.5,16.3,38.7,50.8,False,,False,True,False,False,True,True,True,False,34.2,821,False
2026-10-02,ACGL,Arch Capital Group Ltd.,Financial Services,Mid,34488737792.0,93.6,266691106.0,501,-0.1165,-0.308,-0.2931,-0.1918,0.0368,0.2051,0.2081,0,0.0875,3.2,2.6,8.4,57.8,False,,False,True,False,False,True,True,True,False,34.2,822,False
2026-10-02,CSGP,CoStar Group Inc.,Real Estate,Mid,13023050752.0,27.38,208651708.0,501,0.401,0.2511,0.286,0.0733,0.0054,0.4448,0.4442,1,-0.6255,28.5,22.2,76.2,51.0,False,,False,True,False,False,False,True,True,False,34.2,823,False
2026-10-02,CNP,CenterPoint Energy Inc.,Utilities,Mid,25643978752.0,37.79,256588291.0,501,-0.0087,-0.1268,-0.118,-0.0958,0.0092,0.1713,0.1714,0,0.0586,6.2,6.9,2.4,36.6,False,,False,True,False,False,True,True,True,False,34.0,824,False
2026-10-02,LOPE,Grand Canyon Education Inc.,Consumer Defensive,Small,3877695488.0,155.79,49458525.0,501,0.1546,0.02,0.0452,0.0082,0.0001,0.3174,0.3162,1,-0.3144,16.2,15.0,46.5,60.6,False,,False,True,False,False,True,True,True,False,34.0,825,False
2026-10-02,APD,Air Products & Chemicals Inc.,Basic Materials,Large,68195217408.0,277.57,319029128.0,501,0.3171,0.1407,0.1559,0.0689,0.0047,0.2651,0.2647,3,0.1746,24.0,21.5,28.4,45.8,False,,False,True,False,False,True,True,True,False,33.9,826,False
2026-10-02,CL,Colgate-Palmolive Co.,Consumer Defensive,Large,73778348032.0,84.26,424580035.0,501,-0.008,-0.1261,-0.1112,-0.0731,0.0054,0.2238,0.2235,1,0.1689,6.4,8.1,13.6,60.2,False,,False,True,False,False,True,True,True,False,33.8,827,False
2026-10-02,ZBH,Zimmer Biomet Holdings Inc.,Healthcare,Mid,19336986624.0,88.29,203707983.0,501,0.2358,0.1898,0.2106,0.0763,0.0058,0.3229,0.3225,2,0.0143,19.9,22.8,48.7,56.2,False,,False,True,False,False,True,True,True,False,33.8,828,False
2026-10-02,JKHY,Jack Henry & Associates Inc.,Technology,Mid,12248444928.0,142.54,161917264.0,501,0.0606,-0.0622,-0.0389,-0.0278,0.0008,0.2907,0.2896,1,0.1549,10.9,11.7,36.4,67.0,False,,False,True,False,False,True,True,True,False,33.8,829,False
2026-10-02,RHI,Robert Half International Inc.,Industrials,Small,4559195648.0,36.12,83706795.0,501,0.5393,0.343,0.3935,0.0749,0.0056,0.5939,0.5932,1,0.3707,36.8,22.5,90.2,42.0,False,,False,True,False,False,False,True,True,False,33.8,830,False
2026-10-02,PAYC,Paycom Software Inc.,Technology,Mid,10470588416.0,220.99,159901320.0,501,0.3266,0.1164,0.1641,0.032,0.001,0.4729,0.4712,1,0.197,24.6,18.0,80.8,67.5,False,,False,True,False,False,False,True,True,False,33.6,831,False
2026-10-02,MDLN,Medline Inc. Class A,Healthcare,Mid,46525083648.0,35.61,268497510.0,199,0.7094,0.6047,0.6236,0.1719,0.0295,0.4498,0.4543,1,,47.3,35.6,77.6,31.0,False,,True,True,False,False,False,False,True,False,33.5,832,False
2026-10-02,LW,Lamb Weston Holdings Inc.,Consumer Defensive,Small,7597318656.0,43.6,81005052.0,501,0.4337,0.2369,0.2673,0.0751,0.0056,0.4091,0.4086,1,-0.1287,30.5,22.6,69.8,34.5,False,2026-10-06,False,True,False,False,False,False,True,False,33.5,833,False
2026-10-02,ADP,Automatic Data Processing Inc.,Technology,Large,111555354624.0,257.68,598984153.0,501,0.1115,-0.0307,-0.0102,-0.0144,0.0002,0.277,0.2759,1,-0.0142,13.4,12.9,31.8,51.6,False,,False,True,False,False,True,True,True,False,33.4,834,False
2026-10-02,PAYX,Paychex Inc.,Technology,Mid,44819595264.0,98.94,344235336.0,501,0.1571,0.0484,0.0698,0.0212,0.0004,0.2973,0.2962,1,0.044,16.3,17.1,38.8,44.6,False,,False,True,False,False,True,True,True,False,33.4,835,False
2026-10-02,GDDY,GoDaddy Inc. Class A,Technology,Mid,12099921920.0,97.21,206500471.0,501,0.5309,0.2267,0.2696,0.0605,0.0037,0.4865,0.4854,2,-0.2293,35.9,20.3,82.7,54.2,False,,False,True,False,False,False,True,True,False,33.4,836,False
2026-10-02,AXS,Axis Capital Holdings Ltd.,Financial Services,Small,7297361920.0,94.88,70961250.0,501,0.0393,-0.1459,-0.1273,-0.0764,0.0058,0.2478,0.2476,1,0.067,9.3,7.7,21.0,59.0,False,,False,True,False,False,True,True,True,False,33.4,837,False
2026-10-02,PR,Permian Resources Corp. Class A,Energy,Mid,19054422016.0,22.12,206304825.0,501,0.0372,-0.3562,-0.3154,-0.1363,0.0186,0.3369,0.3388,0,0.9116,9.1,4.6,52.0,78.6,False,,False,True,False,False,True,True,True,False,33.3,838,False
2026-10-02,THG,Hanover Insurance Group Inc.,Financial Services,Small,7953286656.0,219.43,69195727.0,501,-0.0246,-0.1474,-0.1342,-0.0918,0.0084,0.2081,0.2082,1,0.2709,5.8,7.2,9.4,55.1,False,,False,True,False,False,True,True,True,False,33.2,839,False
2026-10-02,PEP,PepsiCo Inc.,Consumer Defensive,Large,195993681920.0,125.89,1105472489.0,501,-0.0236,-0.2412,-0.2267,-0.1487,0.0221,0.2087,0.2102,0,0.0107,5.9,3.7,9.6,43.6,False,2026-10-08,False,True,False,False,True,False,True,False,33.1,840,False
2026-10-02,KMB,Kimberly-Clark Corp.,Consumer Defensive,Mid,36968198144.0,94.36,408434554.0,501,0.1387,0.0255,0.0447,0.0119,0.0001,0.2777,0.2766,1,-0.0788,15.3,15.5,32.0,40.2,False,,False,True,False,False,True,True,True,False,33.0,841,False
2026-10-02,EG,Everest Re Group Ltd.,Financial Services,Mid,14561804288.0,368.27,134204059.0,501,0.0666,-0.0114,0.0038,-0.0062,0.0,0.2404,0.2395,1,0.0831,11.4,13.7,18.3,39.1,False,,False,True,False,False,True,True,True,False,33.0,842,False
2026-10-02,NYT,New York Times Co. Class A,Communication Services,Mid,11035022336.0,62.7,167539658.0,501,0.136,0.0718,0.0945,0.0301,0.0009,0.3109,0.3098,2,0.2298,15.0,17.7,44.1,66.5,False,,False,True,False,False,True,True,True,False,33.0,843,False
2026-10-02,RRC,Range Resources Corp.,Energy,Small,9709383680.0,38.23,106447813.0,501,0.0085,-0.1274,-0.0965,-0.0509,0.0026,0.3253,0.3244,0,0.0772,7.3,10.0,49.3,68.6,False,,False,True,False,False,True,True,True,False,33.0,844,False
2026-10-02,CVX,Chevron Corp.,Energy,Mega,402658328576.0,206.69,1673844441.0,501,-0.2888,-0.4922,-0.4708,-0.2692,0.0725,0.2291,0.237,0,0.424,0.7,0.4,15.3,65.5,False,,False,True,False,False,True,True,True,False,32.9,845,False
2026-10-02,TRGP,Targa Resources Corp.,Energy,Large,63098474496.0,281.74,333978826.0,501,0.0613,-0.1731,-0.1469,-0.0771,0.0059,0.2912,0.2909,0,0.7836,11.0,7.5,36.6,51.0,False,,False,True,False,False,True,True,True,False,32.9,846,False
2026-10-02,CME,CME Group Inc.,Financial Services,Large,98877112320.0,263.14,552400601.0,501,-0.1801,-0.301,-0.2814,-0.1633,0.0267,0.2367,0.239,0,0.0804,1.8,3.1,17.4,60.0,False,,False,True,False,False,True,True,True,False,32.8,847,False
2026-10-02,KDP,Keurig Dr Pepper Inc.,Consumer Defensive,Mid,44240449536.0,30.37,348503399.0,501,0.1173,0.0567,0.0745,0.0271,0.0007,0.272,0.2711,2,0.3041,13.8,17.5,30.5,54.2,False,,False,True,False,False,True,True,True,False,32.8,848,False
2026-10-02,CMS,CMS Energy Corp.,Utilities,Mid,21235134464.0,63.74,254363711.0,501,-0.0717,-0.1475,-0.1387,-0.1124,0.0126,0.1697,0.1701,0,-0.0302,4.7,6.1,1.9,32.8,False,,False,True,False,False,True,True,True,False,32.8,849,False
2026-10-02,EPAM,EPAM Systems Inc.,Technology,Small,5641552384.0,108.29,145137957.0,501,0.5857,0.5276,0.5524,0.1329,0.0177,0.5122,0.5147,3,-0.2305,38.4,29.7,84.7,47.1,False,,False,True,False,False,False,True,True,False,32.7,850,False
2026-10-02,ABT,Abbott Laboratories,Healthcare,Mega,201831907328.0,97.5,986849978.0,501,0.124,0.0363,0.0543,0.0175,0.0003,0.27,0.269,2,-0.1532,14.2,16.4,29.9,53.4,False,,False,True,False,False,True,True,True,False,32.6,851,False
2026-10-02,CVS,CVS Health Corp.,Healthcare,Large,118969819136.0,86.46,750336388.0,501,0.2212,0.1628,0.183,0.0677,0.0046,0.312,0.3115,1,0.305,19.2,21.2,44.7,32.0,False,,False,True,False,False,True,True,True,False,32.6,852,False
2026-10-02,INSM,Insmed Inc.,Healthcare,Mid,27055284224.0,111.12,292673005.0,501,0.8113,0.5229,0.5588,0.1087,0.0118,0.622,0.6233,4,-0.1402,55.2,26.8,91.3,34.9,False,,False,True,False,False,False,False,True,False,32.6,853,False
2026-10-02,LMT,Lockheed Martin Corp.,Industrials,Large,130066743296.0,505.41,620303542.0,501,0.1472,0.0225,0.0426,0.0103,0.0001,0.2832,0.282,1,0.0928,15.9,15.2,33.8,37.7,False,,False,True,False,False,True,True,True,False,32.5,854,False
2026-10-02,RSG,Republic Services Inc. Class A,Industrials,Large,68309995520.0,209.56,318542763.0,501,-0.2065,-0.3778,-0.3646,-0.2536,0.0643,0.1875,0.1931,0,-0.0097,1.3,0.7,4.2,49.9,False,,False,True,False,False,True,True,True,False,32.5,855,False
2026-10-02,MPC,Marathon Petroleum Corp.,Energy,Large,101299109888.0,422.33,909729923.0,501,0.1942,-0.1352,-0.0985,-0.0497,0.0025,0.3535,0.3525,0,1.046,18.1,10.3,57.3,47.3,False,,False,True,False,False,True,True,True,False,32.4,856,False
2026-10-02,EOG,EOG Resources Inc.,Energy,Large,80006135808.0,141.38,440072208.0,501,-0.326,-0.585,-0.5514,-0.2635,0.0694,0.2787,0.2877,0,0.3853,0.5,0.5,32.2,79.8,False,,False,True,False,False,True,True,True,False,32.4,857,False
2026-10-02,ORLY,O'Reilly Automotive Inc.,Consumer Cyclical,Large,73356566528.0,84.9,554337950.0,501,0.1351,0.0194,0.0364,0.0098,0.0001,0.2593,0.2582,2,-0.177,14.9,15.1,25.8,48.3,False,,False,True,False,False,True,True,True,False,32.4,858,False
2026-10-02,KO,Coca-Cola Co.,Consumer Defensive,Mega,391962198016.0,85.65,1367328799.0,501,-0.1352,-0.2498,-0.2383,-0.1728,0.0299,0.1853,0.1874,1,0.3484,2.9,2.9,3.8,57.8,False,,False,True,False,False,True,True,True,False,32.3,859,False
2026-10-02,CHTR,Charter Communications Inc. Class A,Communication Services,Mid,20740907008.0,109.29,397953619.0,501,0.4628,0.28,0.3247,0.0696,0.0049,0.5218,0.521,1,-0.4221,32.4,21.7,85.5,39.1,False,,False,True,False,False,False,True,True,False,32.3,860,False
2026-10-02,ALL,Allstate Corp.,Financial Services,Large,65791111168.0,223.74,472367752.0,501,-0.146,-0.3754,-0.3526,-0.1933,0.0374,0.2479,0.2517,0,0.2548,2.5,2.4,21.1,59.3,False,,False,True,False,False,True,True,True,False,32.2,861,False
2026-10-02,CTSH,Cognizant Technology Solutions Corp. Class A,Technology,Mid,29827381248.0,58.51,436702448.0,501,0.3812,0.2199,0.2523,0.0685,0.0047,0.4169,0.4162,2,-0.0255,27.7,21.3,71.2,52.7,False,,False,True,False,False,False,True,True,False,32.2,862,False
2026-10-02,ORI,Old Republic International Corp.,Financial Services,Mid,10248827904.0,38.06,52613028.0,501,0.0168,-0.1709,-0.1541,-0.0953,0.0091,0.2322,0.2324,1,0.0651,7.7,7.0,15.9,50.9,False,,False,True,False,False,True,True,True,False,32.2,863,False
2026-10-02,KNSL,Kinsale Capital Group Inc.,Financial Services,Small,8818211840.0,329.72,87513567.0,501,0.0477,-0.1605,-0.1224,-0.0586,0.0034,0.3559,0.3551,0,-0.0952,9.9,9.2,57.9,66.6,False,,False,True,False,False,True,True,True,False,32.1,864,False
2026-10-02,JBS,JBS NV Class A,Consumer Defensive,Mid,14725023744.0,11.67,68080535.0,328,0.3006,0.2387,0.2602,0.0905,0.0082,0.342,0.342,1,-0.0098,22.7,24.9,53.4,22.7,False,,False,True,False,False,True,True,True,False,32.1,865,False
2026-10-02,DUK,Duke Energy Corp.,Utilities,Large,93447307264.0,114.13,491848957.0,501,-0.1555,-0.2869,-0.2784,-0.2332,0.0544,0.1556,0.1594,0,0.0196,2.4,1.2,0.2,39.3,False,,False,True,False,False,True,True,True,False,32.0,866,False
2026-10-02,PM,Philip Morris International Inc.,Consumer Defensive,Mega,293377802240.0,187.46,870045460.0,501,-0.0885,-0.1648,-0.1409,-0.0766,0.0059,0.2791,0.2788,1,0.2107,3.6,7.6,32.5,73.8,False,,False,True,False,False,True,True,True,False,31.9,867,False
2026-10-02,ACN,Accenture plc Class A,Technology,Large,113380630528.0,198.9,1129170293.0,501,0.4273,0.2561,0.2962,0.0691,0.0048,0.4813,0.4805,2,-0.214,30.2,21.6,82.3,54.9,False,,False,True,False,False,False,True,True,False,31.9,868,False
2026-10-02,PLNT,Planet Fitness Inc. Class A,Consumer Cyclical,Small,4042005248.0,42.41,108466122.0,501,0.4164,0.2833,0.3226,0.0752,0.0057,0.4885,0.488,2,-0.4985,29.5,22.7,83.2,55.2,False,,False,True,False,False,False,True,True,False,31.8,869,False
2026-10-02,WM,Waste Management Inc.,Industrials,Large,89560186880.0,204.45,451935472.0,501,-0.2034,-0.3845,-0.3698,-0.2453,0.0602,0.1978,0.2032,0,0.0084,1.4,0.9,6.2,45.9,False,,False,True,False,False,True,True,True,False,31.7,870,False
2026-10-02,PCG,PG&E Corp.,Utilities,Mid,39884865536.0,12.32,542995447.0,501,0.2874,0.1454,0.1711,0.0542,0.0029,0.3485,0.3476,1,-0.1412,22.4,19.7,55.4,31.9,False,,False,True,False,False,True,True,True,False,31.7,871,False
2026-10-02,OVV,Ovintiv Inc.,Energy,Mid,17846231040.0,60.34,204743729.0,501,0.0222,-0.3599,-0.314,-0.13,0.0169,0.3572,0.3588,0,0.6812,8.1,5.2,58.3,75.4,False,,False,True,False,False,True,True,True,False,31.7,872,False
2026-10-02,PSX,Phillips 66,Energy,Large,97375084544.0,264.58,679792764.0,501,0.1268,-0.2402,-0.2083,-0.0996,0.0099,0.3124,0.3127,0,0.9591,14.7,6.8,44.8,43.2,False,,False,True,False,False,True,True,True,False,31.6,873,False
2026-10-02,IT,Gartner Inc.,Technology,Mid,12185227264.0,184.8,221269538.0,501,0.3722,0.4449,0.4818,0.1022,0.0105,0.5632,0.564,2,-0.256,26.9,26.2,88.6,59.6,False,,False,True,False,False,False,True,True,False,31.6,874,False
2026-10-02,VLO,Valero Energy Corp.,Energy,Large,100446371840.0,406.3,1063305095.0,501,0.1597,-0.271,-0.2256,-0.095,0.009,0.3694,0.3696,0,1.2297,16.6,7.1,61.2,53.8,False,,False,True,False,False,True,True,True,False,31.5,875,False
2026-10-02,ED,Consolidated Edison Inc.,Utilities,Mid,39834243072.0,103.39,235840386.0,501,-0.293,-0.4612,-0.4511,-0.3527,0.1244,0.1592,0.1695,0,0.1331,0.6,0.0,0.4,42.4,False,,False,True,False,False,True,True,True,False,31.5,876,False
2026-10-02,KVUE,Kenvue Inc.,Consumer Defensive,Mid,37320630272.0,17.2,405082772.0,501,0.1598,0.146,0.1643,0.0647,0.0042,0.2933,0.2927,3,0.265,16.7,20.7,37.1,56.8,False,,False,True,False,False,True,True,True,False,31.5,877,False
2026-10-02,PODD,Insulet Corp.,Healthcare,Small,9944005632.0,131.69,242604360.0,501,0.3743,0.2882,0.3209,0.0841,0.0071,0.4444,0.4443,2,-0.5159,27.2,24.1,76.0,49.2,False,,False,True,False,False,False,True,True,False,31.5,878,False
2026-10-02,BF-B,Brown-Forman Corp. Class B,Consumer Defensive,Mid,12880319488.0,26.16,62008353.0,501,0.2991,0.0541,0.0891,0.0183,0.0003,0.3852,0.3837,2,0.0197,22.6,16.7,65.0,61.3,False,,False,True,False,False,True,True,True,False,31.5,879,False
2026-10-02,RNR,RenaissanceRe Holdings Ltd.,Financial Services,Mid,13784009728.0,325.53,98772067.0,501,-0.1392,-0.4234,-0.402,-0.2277,0.0518,0.2356,0.241,1,0.2951,2.8,1.4,16.9,67.6,False,,False,True,False,False,True,True,True,False,31.4,880,False
2026-10-02,TAP,Molson Coors Brewing Co. Class B,Consumer Defensive,Small,7847846400.0,36.86,147348541.0,501,0.011,-0.2253,-0.1994,-0.1033,0.0107,0.2822,0.2826,0,-0.0796,7.5,6.5,33.4,47.9,False,,False,True,False,False,True,True,True,False,31.4,881,False
2026-10-02,SYY,Sysco Corp.,Consumer Defensive,Mid,40176992256.0,77.49,294739021.0,501,0.1649,0.1641,0.1796,0.0783,0.0061,0.272,0.2717,2,0.0152,16.9,23.4,30.4,27.1,False,,False,True,False,False,True,True,True,False,31.3,882,False
2026-10-02,STZ,Constellation Brands Inc. Class A,Consumer Defensive,Mid,22964643840.0,112.87,255440164.0,501,0.1257,0.0174,0.04,0.0075,0.0001,0.3001,0.2989,2,-0.0419,14.5,14.9,39.8,56.5,False,2026-10-06,False,True,False,False,True,False,True,False,31.3,883,False
2026-10-02,BSX,Boston Scientific Corp.,Healthcare,Large,71026737152.0,42.6,914107100.0,501,0.3076,0.1913,0.2201,0.0648,0.0042,0.3831,0.3824,2,-0.4954,23.2,20.8,64.2,49.1,False,,False,True,False,False,True,True,True,False,31.1,884,False
2026-10-02,EIX,Edison International,Utilities,Mid,28776388608.0,53.89,293851863.0,501,0.2487,0.0536,0.0859,0.0189,0.0004,0.3689,0.3675,1,0.0347,20.6,16.8,61.0,41.5,False,,False,True,False,False,True,True,True,False,31.0,885,False
2026-10-02,DGX,Quest Diagnostics Inc.,Healthcare,Mid,26987388928.0,233.33,237634111.0,501,0.0586,-0.1272,-0.1101,-0.0688,0.0047,0.24,0.2396,2,0.3458,10.7,8.6,18.0,51.4,False,,False,True,False,False,True,True,True,False,30.9,886,False
2026-10-02,OHI,Omega Healthcare Investors Inc.,Real Estate,Mid,14997393408.0,45.72,89353629.0,501,-0.0746,-0.2199,-0.2059,-0.137,0.0188,0.2069,0.2081,2,0.1779,4.5,4.5,8.9,63.3,False,,False,True,False,False,True,True,True,False,30.9,887,False
2026-10-02,RLI,RLI Corp.,Financial Services,Small,5952394752.0,55.94,45253053.0,501,-0.1212,-0.4049,-0.3796,-0.1997,0.0399,0.2586,0.2628,0,0.0881,3.0,2.2,25.4,54.4,False,,False,True,False,False,True,True,True,False,30.9,888,False
2026-10-02,T,AT&T Inc.,Communication Services,Large,173296844800.0,24.3,1179294113.0,501,-0.111,-0.3376,-0.3151,-0.173,0.0299,0.2501,0.2529,0,-0.0137,3.3,2.8,22.0,48.1,False,,False,True,False,False,True,True,True,False,30.8,889,False
2026-10-02,WTRG,Essential Utilities Inc.,Utilities,Mid,11560880128.0,39.38,87836088.0,501,-0.2176,-0.3863,-0.3694,-0.2305,0.0532,0.2122,0.2172,0,0.1098,1.2,1.3,10.7,44.1,False,,False,True,False,False,True,True,True,False,30.8,890,False
2026-10-02,CACI,CACI International Inc. Class A,Technology,Mid,13806466048.0,615.04,160987290.0,501,0.3585,0.2539,0.2835,0.0805,0.0065,0.4093,0.409,2,0.1924,26.1,23.7,69.9,41.4,False,,False,True,False,False,False,True,True,False,30.8,891,False
2026-10-02,BHF,Brighthouse Financial Inc.,Financial Services,Small,3018782208.0,50.02,51192903.0,501,0.5074,0.0988,0.1381,0.0305,0.0009,0.4218,0.4203,2,0.0078,34.5,17.8,72.1,33.6,False,,False,True,False,False,False,True,True,False,30.8,892,False
2026-10-02,CB,Chubb Ltd.,Financial Services,Large,131553894400.0,330.89,605980337.0,501,-0.1921,-0.3403,-0.327,-0.2257,0.0509,0.1912,0.1955,1,0.2135,1.6,1.5,5.0,53.6,False,,False,True,False,False,True,True,True,False,30.7,893,False
2026-10-02,UTHR,United Therapeutics Corp.,Healthcare,Mid,22240112640.0,541.7,325088440.0,501,0.2478,0.2114,0.2351,0.078,0.0061,0.3518,0.3515,5,0.1229,20.5,23.2,56.4,74.7,False,,False,True,False,False,True,False,True,False,30.7,894,False
2026-10-02,CHE,Chemed Corp.,Healthcare,Small,7169657856.0,507.5,83320214.0,501,0.039,0.034,0.0549,0.0152,0.0002,0.2905,0.2894,2,0.1955,9.2,16.2,36.2,58.6,False,,False,True,False,False,True,True,True,False,30.6,895,False
2026-10-02,SFD,Smithfield Foods Inc.,Consumer Defensive,Small,8686509056.0,18.86,37089480.0,423,0.0324,-0.058,-0.0401,-0.0296,0.0009,0.2548,0.2539,1,0.0051,8.7,11.4,23.6,37.9,False,,False,True,False,False,True,True,True,False,30.5,896,False
2026-10-02,XOM,ExxonMobil Holdings Corp.,Energy,Mega,678917767168.0,164.01,2232800528.0,501,-0.3304,-0.5626,-0.5361,-0.2819,0.0795,0.2492,0.2587,0,0.5082,0.3,0.2,21.6,56.3,False,,False,True,False,False,True,True,True,False,30.4,897,False
2026-10-02,SPOT,Spotify Technology SA,Communication Services,Large,110590697472.0,472.89,856002894.0,501,0.4427,0.3315,0.362,0.0961,0.0092,0.4469,0.4472,3,-0.2017,31.2,25.7,76.8,47.5,False,,False,True,False,False,False,True,True,False,30.4,898,False
2026-10-02,AWK,American Water Works Co. Inc.,Utilities,Mid,27345111040.0,130.25,279502821.0,501,-0.2652,-0.4452,-0.4267,-0.2579,0.0665,0.2171,0.2238,0,0.0531,0.8,0.6,11.3,44.3,False,,False,True,False,False,True,True,True,False,30.4,899,False
2026-10-02,COP,ConocoPhillips,Energy,Large,162024374272.0,126.75,833727343.0,501,-0.2209,-0.5238,-0.4863,-0.2204,0.0486,0.3016,0.308,0,0.4826,1.1,1.7,40.3,70.2,False,,False,True,False,False,True,True,True,False,30.3,900,False
2026-10-02,HSY,Hershey Co.,Consumer Defensive,Mid,37609263104.0,160.19,259807445.0,501,0.0052,-0.1561,-0.1339,-0.075,0.0056,0.27,0.2696,1,-0.032,7.1,7.8,29.8,51.0,False,,False,True,False,False,True,True,True,False,30.1,901,False
2026-10-02,BAH,Booz Allen Hamilton Holding Corp. Class A,Industrials,Small,8929956864.0,67.35,137069467.0,501,0.3439,0.1625,0.1983,0.0502,0.0025,0.4204,0.4193,1,-0.2657,25.3,19.3,71.8,31.4,False,,False,True,False,False,False,True,True,False,30.1,902,False
2026-10-02,FICO,Fair Isaac Corp.,Technology,Mid,24559536128.0,661.25,475914832.0,501,0.5213,0.4449,0.491,0.0904,0.0082,0.6377,0.6377,4,-0.2732,35.3,24.8,92.3,68.9,False,,False,True,False,False,False,False,True,False,30.0,903,False
2026-10-02,WMT,Walmart Inc.,Consumer Defensive,Mega,825252773888.0,104.26,2582157358.0,501,0.1394,-0.053,-0.034,-0.0262,0.0007,0.2632,0.2623,2,0.0493,15.5,11.9,27.5,37.3,False,,False,True,False,False,True,True,True,False,29.9,904,False
2026-10-02,SO,Southern Co.,Utilities,Large,102313287680.0,83.72,509353354.0,501,-0.0868,-0.2296,-0.22,-0.1726,0.0298,0.1705,0.1725,1,-0.0377,3.8,3.0,2.2,37.6,False,,False,True,False,False,True,True,True,False,29.9,905,False
2026-10-02,MDLZ,Mondelez International Inc. Class A,Consumer Defensive,Large,82258051072.0,58.19,504245802.0,501,-0.1664,-0.231,-0.2134,-0.129,0.0166,0.2311,0.2321,0,0.0148,2.2,5.3,15.8,34.1,False,,False,True,False,False,True,True,True,False,29.8,906,False
2026-10-02,FANG,Diamondback Energy Inc.,Energy,Large,57838018560.0,184.71,453042391.0,501,0.0025,-0.371,-0.3329,-0.148,0.0219,0.3226,0.3249,1,0.4513,6.8,3.8,48.5,74.6,False,,False,True,False,False,True,True,True,False,29.7,907,False
2026-10-02,CI,Cigna Corp.,Healthcare,Large,74106249216.0,270.53,465730515.0,501,0.0989,0.1948,0.2161,0.0769,0.0059,0.3285,0.3282,1,-0.0137,13.0,23.0,49.9,28.6,False,,False,True,False,False,True,True,True,False,29.6,908,False
2026-10-02,SCI,Service Corp. International/US,Consumer Cyclical,Mid,11636575232.0,77.14,80799690.0,501,0.0897,-0.0638,-0.0478,-0.0346,0.0012,0.24,0.2392,2,-0.007,12.7,11.1,18.1,33.8,False,,False,True,False,False,True,True,True,False,29.6,909,False
2026-10-02,DINO,HF Sinclair Corp,Energy,Mid,17159697408.0,113.36,267622890.0,501,0.2119,-0.1531,-0.1075,-0.0507,0.0026,0.3923,0.3912,1,1.1066,18.6,10.1,66.8,53.4,False,,False,True,False,False,False,True,True,False,29.5,910,False
2026-10-02,AR,Antero Resources Corp.,Energy,Mid,11845624832.0,34.08,149060514.0,501,0.0051,-0.1558,-0.1121,-0.0528,0.0028,0.3831,0.3821,0,0.1318,7.0,9.7,64.3,61.8,False,,False,True,False,False,True,True,True,False,29.5,911,False
2026-10-02,ROL,Rollins Inc.,Consumer Cyclical,Mid,17658036224.0,30.16,224091792.0,501,0.1123,0.087,0.1048,0.0408,0.0017,0.2774,0.2765,3,-0.3768,13.6,18.5,31.9,48.4,False,,False,True,False,False,True,True,True,False,29.4,912,False
2026-10-02,DVN,Devon Energy Corp.,Energy,Large,53052997632.0,47.65,517968369.0,501,-0.0566,-0.5297,-0.4822,-0.1988,0.0395,0.3398,0.3454,0,0.4144,5.1,2.3,52.7,65.7,False,,False,True,False,False,True,True,True,False,29.3,913,False
2026-10-02,EXC,Exelon Corp.,Utilities,Mid,45681459200.0,40.73,350914576.0,501,-0.088,-0.2216,-0.2096,-0.149,0.0222,0.1914,0.1928,1,0.0021,3.7,3.6,5.1,36.1,False,,False,True,False,False,True,True,True,False,29.3,914,False
2026-10-02,VZ,Verizon Communications Inc.,Communication Services,Mega,205453639680.0,45.92,1042385422.0,501,-0.1452,-0.2997,-0.2775,-0.1526,0.0233,0.2525,0.2545,1,0.2241,2.6,3.3,23.0,56.3,False,,False,True,False,False,True,True,True,False,29.2,915,False
2026-10-02,APA,APA Corp.,Energy,Mid,14430979072.0,43.68,228300691.0,501,0.0105,-0.7329,-0.6397,-0.207,0.0428,0.4508,0.459,0,0.8459,7.4,1.9,77.9,85.4,False,,False,True,False,False,False,True,True,False,29.2,916,False
2026-10-02,COKE,Coca-Cola Consolidated Inc.,Consumer Defensive,Mid,12914804736.0,192.04,97688042.0,501,0.128,-0.1413,-0.1024,-0.0506,0.0026,0.363,0.362,1,0.6517,14.8,10.2,59.7,51.8,False,,False,True,False,False,True,True,True,False,29.0,917,False
2026-10-02,CNC,Centene Corp.,Healthcare,Mid,32109674496.0,62.99,295706730.0,501,0.4259,0.3566,0.3895,0.0968,0.0094,0.477,0.4774,3,0.8842,30.1,25.8,81.5,43.5,False,,False,True,False,False,False,True,True,False,28.8,918,False
2026-10-02,CAG,Conagra Brands Inc.,Consumer Defensive,Small,7747977728.0,13.36,191898570.0,501,-0.0105,-0.2487,-0.2182,-0.1059,0.0112,0.3039,0.3044,0,-0.0953,6.0,6.4,41.3,41.8,False,,False,True,False,False,True,True,True,False,28.8,919,False
2026-10-02,OKE,ONEOK Inc.,Energy,Large,58605649920.0,87.88,332763288.0,501,-0.1025,-0.4255,-0.3985,-0.2048,0.0419,0.2647,0.2694,0,0.387,3.4,2.0,28.3,41.9,False,,False,True,False,False,True,True,True,False,28.7,920,False
2026-10-02,TYL,Tyler Technologies Inc.,Technology,Mid,14441818112.0,322.81,279086325.0,501,0.112,0.0416,0.0832,0.013,0.0002,0.4178,0.4162,1,-0.2513,13.5,15.7,71.4,55.1,False,,False,True,False,False,False,True,True,False,28.7,921,False
2026-10-02,LNG,Cheniere Energy Inc.,Energy,Large,57992728576.0,269.95,512622415.0,501,-0.1801,-0.5142,-0.4828,-0.2352,0.0553,0.2766,0.2834,0,0.2872,1.9,1.1,31.7,49.5,False,,False,True,False,False,True,True,True,False,28.6,922,False
2026-10-02,BRO,Brown & Brown Inc.,Financial Services,Mid,24540323840.0,59.91,156269094.0,501,-0.0857,-0.3358,-0.3014,-0.1393,0.0194,0.3107,0.3125,0,-0.2159,4.0,4.2,43.8,51.2,False,,False,True,False,False,True,True,True,False,28.6,923,False
2026-10-02,EHC,Encompass Health Corp.,Healthcare,Mid,11915355136.0,119.8,108166099.0,501,0.1071,0.0674,0.0871,0.0305,0.0009,0.2878,0.2868,3,-0.0213,13.3,17.9,35.3,48.5,False,,False,True,False,False,True,True,True,False,28.6,924,False
2026-10-02,UHS,Universal Health Services Inc. Class B,Healthcare,Mid,10531365888.0,175.72,135868461.0,501,0.2369,0.1795,0.2004,0.0725,0.0053,0.3213,0.3209,3,-0.1734,20.0,22.1,48.2,38.7,False,,False,True,False,False,True,True,True,False,28.6,925,False
2026-10-02,ENSG,Ensign Group Inc.,Healthcare,Mid,10527555584.0,171.78,66607625.0,501,0.1245,-0.0282,-0.0075,-0.0132,0.0002,0.2786,0.2776,2,-0.0089,14.3,13.0,32.1,34.0,False,,False,True,False,False,True,True,True,False,28.5,926,False
2026-10-02,G,Genpact Ltd.,Technology,Small,6197108736.0,33.29,75375668.0,501,0.2445,0.1457,0.1784,0.0479,0.0023,0.3954,0.3943,2,-0.0943,20.4,19.2,67.5,44.4,False,,False,True,False,False,False,True,True,False,28.5,927,False
2026-10-02,OGN,Organon & Co.,Healthcare,Small,3616132096.0,13.72,36624741.0,501,0.5614,0.6358,0.6618,0.1261,0.0159,0.6507,0.6533,5,0.2632,37.5,28.5,92.9,48.1,False,,False,True,False,False,False,False,True,False,28.5,928,False
2026-10-02,MTDR,Matador Resources Co.,Energy,Small,6837420544.0,53.5,103843790.0,501,0.057,-0.4776,-0.4086,-0.1459,0.0213,0.4214,0.4243,0,0.3617,10.3,4.0,72.0,63.8,False,,False,True,False,False,False,True,True,False,28.4,929,False
2026-10-02,WTW,Willis Towers Watson plc,Financial Services,Mid,32209846272.0,288.61,169872683.0,501,0.1367,-0.1108,-0.084,-0.0473,0.0022,0.3043,0.3035,2,-0.0089,15.1,10.5,41.4,44.1,False,,False,True,False,False,True,True,True,False,28.3,930,False
2026-10-02,CHRD,Chord Energy Corp.,Energy,Small,7665359872.0,137.01,101475124.0,501,-0.0842,-0.5462,-0.4837,-0.1795,0.0322,0.3896,0.3945,0,0.5537,4.3,2.7,66.0,73.6,False,,False,True,False,False,True,True,True,False,28.3,931,False
2026-10-02,JAN,Janus Living Inc. Class A,Real Estate,Small,9854835712.0,29.05,50099827.0,136,0.1579,0.137,0.1684,0.0634,0.004,0.2882,0.2866,0,,16.4,20.5,35.5,50.0,True,,True,True,False,False,True,False,True,False,28.0,932,False
2026-10-02,VTR,Ventas Inc.,Real Estate,Mid,47945097216.0,84.01,304129992.0,501,-0.0487,-0.2012,-0.1855,-0.1176,0.0138,0.221,0.2216,3,0.3334,5.2,5.8,12.7,58.7,False,,False,True,False,False,True,True,True,False,27.7,933,False
2026-10-02,WRB,WR Berkley Corp.,Financial Services,Mid,25492193280.0,68.98,173492194.0,501,-0.1891,-0.3299,-0.3128,-0.1927,0.0371,0.2186,0.2219,2,-0.0728,1.7,2.5,11.6,54.8,False,,False,True,False,False,True,True,True,False,27.7,934,False
2026-10-02,EXLS,ExlService Holdings Inc.,Technology,Small,5685468672.0,35.75,75296789.0,501,0.271,-0.0092,0.0355,-0.0028,0.0,0.4209,0.4192,2,-0.1556,21.9,14.0,71.9,49.0,False,,False,True,False,False,False,True,True,False,27.7,935,False
2026-10-02,CAH,Cardinal Health Inc.,Healthcare,Large,54043619328.0,228.3,456372204.0,501,0.1247,-0.0877,-0.063,-0.0386,0.0015,0.2952,0.2942,2,0.5655,14.4,10.9,37.6,33.1,False,,False,True,False,False,True,True,True,False,27.1,936,False
2026-10-02,SJM,JM Smucker Co.,Consumer Defensive,Mid,13990681600.0,117.19,163830618.0,501,-0.07,-0.2903,-0.263,-0.1328,0.0176,0.2819,0.2833,2,0.2611,4.9,5.1,33.3,60.1,False,,False,True,False,False,True,True,True,False,27.0,937,False
2026-10-02,TW,Tradeweb Markets Inc. Class A,Financial Services,Mid,23225198592.0,102.22,144532819.0,501,-0.0038,-0.1742,-0.145,-0.0734,0.0054,0.3079,0.3075,3,-0.0336,6.6,8.0,43.1,76.9,False,,False,True,False,False,True,True,True,False,26.9,938,False
2026-10-02,PGR,Progressive Corp.,Financial Services,Large,127483199488.0,210.31,573261010.0,501,-0.2396,-0.4945,-0.467,-0.24,0.0576,0.2603,0.2671,1,-0.0434,1.0,1.0,26.3,50.9,False,,False,True,False,False,True,True,True,False,26.8,939,False
2026-10-02,CASY,Casey's General Stores Inc.,Consumer Cyclical,Mid,30526091264.0,617.76,347971579.0,501,0.1792,-0.0709,-0.0324,-0.0246,0.0006,0.3752,0.3738,2,0.3524,17.7,12.0,62.6,45.4,False,,False,True,False,False,True,True,True,False,26.6,940,False
2026-10-02,MKTX,MarketAxess Holdings Inc.,Financial Services,Small,5719548928.0,164.14,165336994.0,501,0.0059,0.109,0.1428,0.0361,0.0013,0.3925,0.3912,1,-0.0285,7.2,18.2,67.0,47.0,False,,False,True,False,False,False,True,True,False,26.6,941,False
2026-10-02,TMUS,T-Mobile US Inc.,Communication Services,Large,196341809152.0,163.64,826426932.0,501,-0.0843,-0.3383,-0.3062,-0.1453,0.0211,0.2998,0.3018,1,-0.1801,4.2,4.1,39.7,49.6,False,,False,True,False,False,True,True,True,False,26.5,942,False
2026-10-02,TSN,Tyson Foods Inc. Class A,Consumer Defensive,Mid,19894374400.0,51.89,181131050.0,501,0.0426,-0.0603,-0.0405,-0.0293,0.0009,0.2673,0.2664,2,0.0606,9.7,11.5,29.2,31.0,False,,False,True,False,False,True,True,True,False,26.5,943,False
2026-10-02,CTVA,Corteva Inc.,Basic Materials,Large,55250501632.0,11.92,389214113.0,501,0.1913,0.0406,0.1978,0.006,0.0,0.8798,0.8763,1,0.4774,18.0,14.5,99.0,58.1,False,,False,True,False,False,False,True,True,False,26.3,944,False
2026-10-02,MO,Altria Group Inc.,Consumer Defensive,Large,110353367040.0,67.35,573877349.0,501,-0.3556,-0.4957,-0.47,-0.2488,0.0619,0.2511,0.2582,3,0.1027,0.0,0.8,22.4,78.2,False,,False,True,False,False,True,True,True,False,26.1,945,False
2026-10-02,GIS,General Mills Inc.,Consumer Defensive,Mid,21267560448.0,32.01,350643017.0,501,-0.0662,-0.337,-0.308,-0.1521,0.0231,0.2849,0.2871,1,-0.1498,5.0,3.4,34.3,40.9,False,,False,True,False,False,True,True,True,False,26.1,946,False
2026-10-02,UGI,UGI Corp.,Utilities,Small,8247331328.0,37.2,71142345.0,501,0.0717,0.0264,0.0414,0.014,0.0002,0.2453,0.2443,4,0.1671,11.7,15.9,20.2,40.6,False,,False,True,False,False,True,False,True,False,26.1,947,False
2026-10-02,MKC,McCormick & Co. Inc./MD,Consumer Defensive,Mid,14813720576.0,44.67,163330073.0,501,0.0258,-0.3108,-0.2791,-0.1329,0.0177,0.3017,0.3032,1,-0.1804,8.3,5.0,40.4,36.3,False,,False,True,False,False,True,True,True,False,26.0,948,False
2026-10-02,SAIC,Science Applications International Corp.,Technology,Small,5393676800.0,125.26,55117456.0,501,0.2631,0.1801,0.2106,0.0598,0.0036,0.3915,0.3906,3,0.2756,21.3,20.2,66.6,37.1,False,,False,True,False,False,True,True,True,False,25.6,949,False
2026-10-02,OXY,Occidental Petroleum Corp.,Energy,Large,60088205312.0,58.08,498788048.0,501,-0.1974,-0.621,-0.5672,-0.2244,0.0504,0.3509,0.3586,1,0.2959,1.5,1.6,55.7,69.8,False,,False,True,False,False,True,True,True,False,25.5,950,False
2026-10-02,DOW,Dow Inc.,Basic Materials,Mid,21785796608.0,27.97,274985762.0,501,0.161,-0.0831,-0.0298,-0.0244,0.0006,0.4423,0.4407,1,0.424,16.8,12.1,75.9,36.8,False,,False,True,False,False,False,True,True,False,25.5,951,False
2026-10-02,SEB,Seaboard Corp.,Industrials,Small,3856820224.0,4024.28,53240894.0,501,0.0792,-0.0952,-0.0578,-0.034,0.0012,0.3646,0.3633,1,0.1534,12.4,11.2,60.2,30.5,False,,False,True,False,False,True,True,True,False,25.2,952,False
2026-10-02,AJG,Arthur J Gallagher & Co.,Financial Services,Large,69722185728.0,226.11,354125694.0,501,-0.0705,-0.309,-0.2748,-0.1273,0.0162,0.3133,0.3147,1,-0.1275,4.8,5.4,45.1,42.4,False,,False,True,False,False,True,True,True,False,25.1,953,False
2026-10-02,CPB,Campbell's Co.,Consumer Defensive,Small,6597813248.0,19.62,148813856.0,501,-0.0867,-0.3391,-0.3037,-0.1387,0.0192,0.3151,0.317,0,-0.2094,3.9,4.3,45.6,30.3,False,,False,True,False,False,True,True,True,False,25.1,954,False
2026-10-02,MRSH,Marsh & McLennan Cos. Inc.,Financial Services,Large,91629330432.0,170.06,449618328.0,501,-0.1449,-0.2968,-0.2731,-0.1463,0.0214,0.2611,0.2628,2,-0.0477,2.7,3.9,26.5,45.4,False,,False,True,False,False,True,True,True,False,24.8,955,False
2026-10-02,BG,Bunge Global SA,Consumer Defensive,Mid,21757491200.0,106.72,182844457.0,501,0.0708,-0.0683,-0.0407,-0.0281,0.0008,0.3163,0.3152,2,0.5276,11.6,11.6,46.1,31.0,False,,False,True,False,False,True,True,True,False,24.7,956,False
2026-10-02,FCN,FTI Consulting Inc.,Industrials,Small,4194750464.0,136.4,63556686.0,501,-0.1175,-0.2554,-0.224,-0.1075,0.0116,0.3073,0.3079,1,-0.0687,3.1,6.2,42.5,38.9,False,,False,True,False,False,True,True,True,False,24.6,957,False
2026-10-02,AON,Aon plc Class A,Financial Services,Large,76174245888.0,269.45,496806768.0,501,-0.0808,-0.2503,-0.2249,-0.1169,0.0137,0.2766,0.2774,2,-0.0767,4.4,5.9,31.6,39.9,False,,False,True,False,False,True,True,True,False,24.3,958,False
2026-10-02,MCK,McKesson Corp.,Healthcare,Large,100139466752.0,902.28,811856137.0,501,-0.0421,-0.2408,-0.2098,-0.1013,0.0103,0.3076,0.3079,1,0.2135,5.5,6.7,42.9,29.5,False,,False,True,False,False,True,True,True,False,24.1,959,False
2026-10-02,VRSK,Verisk Analytics Inc. Class A,Industrials,Mid,24696307712.0,163.88,268600326.0,501,-0.1574,-0.381,-0.3346,-0.1379,0.019,0.3562,0.3582,2,-0.2405,2.3,4.4,58.0,72.0,False,,False,True,False,False,True,True,True,False,24.0,960,False
2026-10-02,CF,CF Industries Holdings Inc.,Basic Materials,Mid,19259289600.0,115.01,309286189.0,501,-0.3523,-0.9337,-0.8446,-0.282,0.0795,0.4134,0.4291,1,0.6447,0.1,0.1,70.2,72.4,False,,False,True,False,False,False,True,True,False,22.9,961,False
2026-10-02,HRL,Hormel Foods Corp.,Consumer Defensive,Mid,12025164800.0,20.25,102385411.0,501,-0.0325,-0.1167,-0.0918,-0.0519,0.0027,0.2924,0.2916,3,-0.0642,5.7,9.9,36.8,42.1,False,,False,True,False,False,True,True,True,False,22.8,962,False
2026-10-02,LYB,LyondellBasell Industries NV Class A,Basic Materials,Mid,20228636672.0,58.58,252051643.0,501,0.044,-0.3863,-0.3197,-0.1163,0.0135,0.4294,0.4306,1,0.4615,9.8,6.0,73.2,41.4,False,,False,True,False,False,False,True,True,False,22.7,963,False
2026-10-02,BJ,BJ's Wholesale Club Holdings Inc.,Consumer Defensive,Mid,11788950528.0,94.96,164795288.0,501,-0.1783,-0.3496,-0.3171,-0.1497,0.0224,0.3005,0.3027,1,0.0219,2.0,3.5,39.9,31.0,False,,False,True,False,False,True,True,True,False,22.7,964,False
2026-10-02,POST,Post Holdings Inc.,Consumer Defensive,Small,3715092224.0,72.56,78728608.0,501,0.0042,-0.1028,-0.0746,-0.0426,0.0018,0.3142,0.3133,2,-0.2197,6.9,10.8,45.3,28.5,False,,False,True,False,False,True,True,True,False,22.6,965,False
2026-10-02,SFM,Sprouts Farmers Market Inc.,Consumer Defensive,Small,8096691200.0,64.47,149108330.0,501,0.1393,0.0737,0.1298,0.0191,0.0004,0.5008,0.4989,2,-0.265,15.4,16.9,84.3,34.3,False,,False,True,False,False,False,True,True,False,22.1,966,False
2026-10-02,KR,Kroger Co.,Consumer Defensive,Mid,35809234944.0,59.03,418408123.0,501,-0.3489,-0.6234,-0.5887,-0.2786,0.0776,0.2796,0.29,1,-0.1048,0.2,0.3,32.6,26.0,False,,False,True,False,False,True,True,True,False,21.7,967,False
2026-10-02,CBOE,Cboe Global Markets Inc.,Financial Services,Mid,32250386432.0,271.26,309875761.0,501,-0.2546,-0.3594,-0.317,-0.1351,0.0182,0.3431,0.3449,3,0.2265,0.9,4.7,53.9,70.9,False,,False,True,False,False,True,True,True,False,21.5,968,False
2026-10-02,PPC,Pilgrim's Pride Corp.,Consumer Defensive,Small,7450416128.0,27.5,44899992.0,501,0.0154,-0.0813,-0.0463,-0.0298,0.0009,0.3549,0.3536,2,-0.2454,7.6,11.3,57.8,30.8,False,,False,True,False,False,True,True,True,False,21.4,969,False
2026-10-02,DVA,DaVita Inc.,Healthcare,Mid,11487190016.0,178.69,156731606.0,501,0.1215,-0.0206,0.0325,-0.0059,0.0,0.4579,0.4561,3,0.3501,13.9,13.9,79.0,46.8,False,,False,True,False,False,False,True,True,False,21.0,970,False
2026-10-02,COR,AmerisourceBergen Corp. Class A,Healthcare,Large,61784109056.0,309.05,430768624.0,501,-0.0093,-0.1568,-0.1275,-0.0654,0.0043,0.311,0.3105,2,0.0871,6.1,8.7,44.3,20.3,False,,False,True,False,False,True,True,True,False,20.7,971,False
2026-10-02,HRB,H&R Block Inc.,Consumer Cyclical,Small,6492416000.0,41.68,98041943.0,501,0.0196,-0.2198,-0.1511,-0.0606,0.0037,0.4709,0.4699,2,0.0316,7.9,9.1,80.2,46.4,False,,False,True,False,False,False,True,True,False,20.0,972,False
2026-10-02,RYAN,Ryan Specialty Holdings Inc. Class A,Financial Services,Mid,16871662592.0,37.67,80010399.0,501,0.0301,-0.2619,-0.199,-0.0772,0.006,0.4403,0.4399,2,-0.2128,8.5,7.4,75.6,40.9,False,,False,True,False,False,False,True,True,False,19.6,973,False
2026-10-02,MOH,Molina Healthcare Inc.,Healthcare,Mid,10566845440.0,189.54,193675148.0,501,0.32,-0.0938,-0.0175,-0.0229,0.0005,0.5329,0.5309,3,0.051,24.4,12.3,86.2,22.3,False,,False,True,False,False,False,True,True,False,19.5,974,False
2026-10-02,ACI,Albertsons Cos. Inc. Class A,Consumer Defensive,Small,6018038272.0,11.75,101596830.0,501,-0.0461,-0.1838,-0.1368,-0.0608,0.0037,0.3925,0.3917,2,-0.2501,5.3,9.0,67.1,19.2,False,2026-10-13,False,True,False,False,False,False,False,False,16.9,975,False
2026-10-02,BFAM,Bright Horizons Family Solutions Inc.,Consumer Cyclical,Small,3621384704.0,64.26,59427106.0,501,0.0571,-0.2437,-0.1774,-0.0692,0.0048,0.457,0.4563,3,-0.3337,10.6,8.5,78.9,30.6,False,,False,True,False,False,False,True,True,False,16.1,976,False
2026-10-02,MUSA,Murphy USA Inc.,Consumer Cyclical,Small,9771728896.0,515.02,152288141.0,501,-0.3279,-0.6614,-0.593,-0.2143,0.0459,0.3924,0.4001,2,0.3264,0.4,1.8,66.9,36.3,False,,False,True,False,False,False,True,True,False,16.0,977,False
2026-10-02,HONA,Honeywell Aerospace Inc.,Industrials,Large,51092779008.0,154.63,675874013.0,77,,,,,,,,,,,,,,,,True,False,,,,,,,,,False
2026-10-02,SPCX,Space Exploration Technologies Corp. Class A,Industrials,Mega,1778515181568.0,158.96,12562410058.0,78,,,,,,,,,,,,,,,,True,False,,,,,,,,,False
2026-10-02,EA,Electronic Arts Inc.,Communication Services,,,,,,,,,,,,,,,,,,,,,,False,,,,,,,,,False
2026-10-02,AVB,AvalonBay Communities Inc.,Real Estate,,,,,,,,,,,,,,,,,,,,,,False,,,,,,,,,False
2026-10-02,EQR,Equity Residential,Real Estate,,,,,,,,,,,,,,,,,,,,,,False,,,,,,,,,False
2026-10-02,WBS,Webster Financial Corp.,Financial Services,,,,,,,,,,,,,,,,,,,,,,False,,,,,,,,,False
2026-10-02,BLD,TopBuild Corp.,—,,,,,,,,,,,,,,,,,,,,,,False,,,,,,,,,False
2026-10-02,GTLS,Chart Industries Inc.,Industrials,,,,,,,,,,,,,,,,,,,,,,False,,,,,,,,,False
2026-10-02,JHG,Janus Henderson Group plc,—,,,,,,,,,,,,,,,,,,,,,,False,,,,,,,,,False
2026-10-02,UHAL-B,U-Haul Holding Co.,Industrials,Mid,11858678784.0,54.34,19177863.0,501,0.681,0.8122,,0.3315,0.1099,0.3008,0.3175,2,0.1457,,,,,,,False,False,,,,,,,,,False
2026-10-02,LBRDK,Liberty Broadband Corp.,Communication Services,,,,,,,,,,,,,,,,,,,,,,False,,,,,,,,,False
2026-10-02,QS,QuantumScape Corp. Class A,Consumer Cyclical,Small,3530932736.0,4.57,106100630.0,501,2.0809,3.2223,,0.5534,0.3062,0.6312,0.7547,1,-0.6265,,,,,,,False,False,,,,,,,,,False
2026-10-02,NSA,National Storage Affiliates Trust,Real Estate,,,,,,,,,,,,,,,,,,,,,,False,,,,,,,,,False
2026-10-02,LLYVA,Liberty Live Holdings Inc. Class A,Communication Services,Small,9369827328.0,95.72,14298528.0,501,0.7351,0.5769,,0.2348,0.0551,0.3109,0.3185,1,0.0776,,,,,,,False,False,,,,,,,,,False
2026-10-02,FRHC,Freedom Holding Corp./NV,Financial Services,Mid,10866229248.0,173.0,19647111.0,501,1.1081,1.04,,0.2888,0.0834,0.4487,0.4668,1,0.0162,,,,,,,False,False,,,,,,,,,False
2026-10-02,OLN,Olin Corp.,Basic Materials,Small,1934282752.0,15.9,56010221.0,501,0.7941,0.697,,0.1676,0.0281,0.5334,0.5389,1,-0.2853,,,,,,,False,False,,,,,,,,,False
2026-10-02,MPT,Medical Properties Trust Inc.,Real Estate,Small,2436576000.0,3.27,33233150.0,501,0.6994,0.4724,,0.1669,0.0278,0.3633,0.367,2,-0.2034,,,,,,,False,False,,,,,,,,,False
2026-10-02,FWONA,Liberty Media Corp-Liberty Formula One,Communication Services,Mid,23907561472.0,83.39,14875089.0,501,0.3897,0.2692,,0.1447,0.0209,0.2396,0.2412,0,-0.0374,,,,,,,False,False,,,,,,,,,False
2026-10-02,FRMI,Fermi Inc.,Real Estate,Small,3593021696.0,4.03,109576604.0,253,1.8722,2.5988,,0.2805,0.0787,1.1572,1.2009,1,-0.8534,,,,,,,False,False,,,,,,,,,False
2026-10-02,BF-A,Brown-Forman Corp. Class A,Consumer Defensive,Mid,13178580992.0,26.67,3849088.0,501,0.3164,0.1019,,0.036,0.0013,0.3683,0.367,2,0.049,,,,,,,False,False,,,,,,,,,False
2026-10-02,CNA,CNA Financial Corp.,Financial Services,Mid,13381216256.0,46.34,24486959.0,501,-0.0075,-0.1566,,-0.0983,0.0097,0.2064,0.2065,1,0.1459,,,,,,,False,False,,,,,,,,,False
2026-10-02,LEN-B,Lennar Corp. Class B,Consumer Cyclical,Mid,20623032320.0,78.69,7762172.0,501,1.0112,0.993,,0.3424,0.1172,0.3546,0.3759,0,-0.3123,,,,,,,False,False,,,,,,,,,False
2026-10-02,TFSL,TFS Financial Corp.,Financial Services,Small,5025533952.0,16.82,14519393.0,501,0.4821,0.5692,,0.3289,0.1081,0.2127,0.2243,0,0.4095,,,,,,,False,False,,,,,,,,,False
2026-10-02,NIQ,NIQ Global Intelligence plc,—,Small,5527473152.0,16.64,22955866.0,302,0.7493,0.5223,,0.0972,0.0095,0.6956,0.6961,3,0.1923,,,,,,,False,False,,,,,,,,,False
2026-10-02,XE,X-Energy Inc.,Industrials,Small,5248996352.0,14.38,101858418.0,112,,,,,,,,,,,,,,,,True,False,,,,,,,,,False
2026-10-02,LBRDA,Liberty Broadband Corp. Class A,Communication Services,Small,5177567232.0,35.99,7840569.0,448,0.5352,0.3189,,0.0751,0.0056,0.5353,0.5347,3,-0.648,,,,,,,False,False,,,,,,,,,False
2026-10-02,UHAL,AMERCO,Industrials,Mid,13442182144.0,61.89,10736227.0,501,0.6893,0.8473,,0.3277,0.1074,0.3179,0.3351,2,0.1681,,,,,,,False,False,,,,,,,,,False
2026-10-02,UWMC,UWM Holdings Corp.,Financial Services,Small,4184347648.0,1.26,25671420.0,501,1.0747,1.4217,,0.2762,0.0763,0.6438,0.6672,1,-0.7458,,,,,,,False,False,,,,,,,,,False
2026-10-02,CBRS,Cerebras Systems Inc.,Technology,Mid,43272290304.0,166.43,1355134877.0,98,,,,,,,,,,,,,,,,True,False,,,,,,,,,False
2026-10-02,JMKE,Jersey Mike's Subs Inc.,Consumer Cyclical,,,,,,,,,,,,,,,,,,,,,,False,,,,,,,,,False
